stack,attack_mode,perturbation_budget,force_escalation_fraction,load_multiplier,total_arrival_rate_per_s,expensive_service_rate_per_s,escalated_arrival_rate_per_s,expensive_utilization,strategy,queue_stable,resource_bound_preserved,fail_closed_safety_semantics_preserved,ordinary_response_fraction,defer_reject_fraction,expensive_bypass_fraction
rule_compact_to_qwen,synthetic_route_pressure,0.0,0.27504445761707175,0.5,0.8047979244628504,0.6762076224825601,0.22135520862522975,0.3273479938196625,fail_open_budget_cap,True,True,True,1.0,0.0,0.0
rule_compact_to_qwen,synthetic_route_pressure,0.0,0.27504445761707175,0.5,0.8047979244628504,0.6762076224825601,0.22135520862522975,0.3273479938196625,fail_closed_no_admission,True,True,True,1.0,0.0,0.0
rule_compact_to_qwen,synthetic_route_pressure,0.0,0.27504445761707175,0.5,0.8047979244628504,0.6762076224825601,0.22135520862522975,0.3273479938196625,fail_closed_defer_reject,True,True,True,1.0,0.0,0.0
rule_compact_to_qwen,synthetic_route_pressure,0.0,0.27504445761707175,1.0,1.6095958489257007,0.6762076224825601,0.4427104172504595,0.654695987639325,fail_open_budget_cap,True,True,True,1.0,0.0,0.0
rule_compact_to_qwen,synthetic_route_pressure,0.0,0.27504445761707175,1.0,1.6095958489257007,0.6762076224825601,0.4427104172504595,0.654695987639325,fail_closed_no_admission,True,True,True,1.0,0.0,0.0
rule_compact_to_qwen,synthetic_route_pressure,0.0,0.27504445761707175,1.0,1.6095958489257007,0.6762076224825601,0.4427104172504595,0.654695987639325,fail_closed_defer_reject,True,True,True,1.0,0.0,0.0
rule_compact_to_qwen,synthetic_route_pressure,0.0,0.27504445761707175,1.25,2.011994811157126,0.6762076224825601,0.5533880215630744,0.8183699845491563,fail_open_budget_cap,True,True,True,1.0,0.0,0.0
rule_compact_to_qwen,synthetic_route_pressure,0.0,0.27504445761707175,1.25,2.011994811157126,0.6762076224825601,0.5533880215630744,0.8183699845491563,fail_closed_no_admission,True,True,True,1.0,0.0,0.0
rule_compact_to_qwen,synthetic_route_pressure,0.0,0.27504445761707175,1.25,2.011994811157126,0.6762076224825601,0.5533880215630744,0.8183699845491563,fail_closed_defer_reject,True,True,True,1.0,0.0,0.0
rule_compact_to_qwen,synthetic_route_pressure,0.0,0.27504445761707175,1.5,2.414393773388551,0.6762076224825601,0.6640656258756893,0.9820439814589876,fail_open_budget_cap,True,True,True,1.0,0.0,0.0
rule_compact_to_qwen,synthetic_route_pressure,0.0,0.27504445761707175,1.5,2.414393773388551,0.6762076224825601,0.6640656258756893,0.9820439814589876,fail_closed_no_admission,True,True,True,1.0,0.0,0.0
rule_compact_to_qwen,synthetic_route_pressure,0.0,0.27504445761707175,1.5,2.414393773388551,0.6762076224825601,0.6640656258756893,0.9820439814589876,fail_closed_defer_reject,True,True,True,1.0,0.0,0.0
rule_compact_to_qwen,synthetic_route_pressure,0.0,0.27504445761707175,2.0,3.2191916978514015,0.6762076224825601,0.885420834500919,1.30939197527865,fail_open_budget_cap,True,True,False,1.0,0.0,0.06498936119833902
rule_compact_to_qwen,synthetic_route_pressure,0.0,0.27504445761707175,2.0,3.2191916978514015,0.6762076224825601,0.885420834500919,1.30939197527865,fail_closed_no_admission,False,False,True,1.0,0.0,0.0
rule_compact_to_qwen,synthetic_route_pressure,0.0,0.27504445761707175,2.0,3.2191916978514015,0.6762076224825601,0.885420834500919,1.0,fail_closed_defer_reject,True,True,True,0.935010638801661,0.06498936119833902,0.0
rule_compact_to_qwen,synthetic_route_pressure,1e-06,0.27504445761707175,0.5,0.8047979244628504,0.6762076224825601,0.22135520862522975,0.3273479938196625,fail_open_budget_cap,True,True,True,1.0,0.0,0.0
rule_compact_to_qwen,synthetic_route_pressure,1e-06,0.27504445761707175,0.5,0.8047979244628504,0.6762076224825601,0.22135520862522975,0.3273479938196625,fail_closed_no_admission,True,True,True,1.0,0.0,0.0
rule_compact_to_qwen,synthetic_route_pressure,1e-06,0.27504445761707175,0.5,0.8047979244628504,0.6762076224825601,0.22135520862522975,0.3273479938196625,fail_closed_defer_reject,True,True,True,1.0,0.0,0.0
rule_compact_to_qwen,synthetic_route_pressure,1e-06,0.27504445761707175,1.0,1.6095958489257007,0.6762076224825601,0.4427104172504595,0.654695987639325,fail_open_budget_cap,True,True,True,1.0,0.0,0.0
rule_compact_to_qwen,synthetic_route_pressure,1e-06,0.27504445761707175,1.0,1.6095958489257007,0.6762076224825601,0.4427104172504595,0.654695987639325,fail_closed_no_admission,True,True,True,1.0,0.0,0.0
rule_compact_to_qwen,synthetic_route_pressure,1e-06,0.27504445761707175,1.0,1.6095958489257007,0.6762076224825601,0.4427104172504595,0.654695987639325,fail_closed_defer_reject,True,True,True,1.0,0.0,0.0
rule_compact_to_qwen,synthetic_route_pressure,1e-06,0.27504445761707175,1.25,2.011994811157126,0.6762076224825601,0.5533880215630744,0.8183699845491563,fail_open_budget_cap,True,True,True,1.0,0.0,0.0
rule_compact_to_qwen,synthetic_route_pressure,1e-06,0.27504445761707175,1.25,2.011994811157126,0.6762076224825601,0.5533880215630744,0.8183699845491563,fail_closed_no_admission,True,True,True,1.0,0.0,0.0
rule_compact_to_qwen,synthetic_route_pressure,1e-06,0.27504445761707175,1.25,2.011994811157126,0.6762076224825601,0.5533880215630744,0.8183699845491563,fail_closed_defer_reject,True,True,True,1.0,0.0,0.0
rule_compact_to_qwen,synthetic_route_pressure,1e-06,0.27504445761707175,1.5,2.414393773388551,0.6762076224825601,0.6640656258756893,0.9820439814589876,fail_open_budget_cap,True,True,True,1.0,0.0,0.0
rule_compact_to_qwen,synthetic_route_pressure,1e-06,0.27504445761707175,1.5,2.414393773388551,0.6762076224825601,0.6640656258756893,0.9820439814589876,fail_closed_no_admission,True,True,True,1.0,0.0,0.0
rule_compact_to_qwen,synthetic_route_pressure,1e-06,0.27504445761707175,1.5,2.414393773388551,0.6762076224825601,0.6640656258756893,0.9820439814589876,fail_closed_defer_reject,True,True,True,1.0,0.0,0.0
rule_compact_to_qwen,synthetic_route_pressure,1e-06,0.27504445761707175,2.0,3.2191916978514015,0.6762076224825601,0.885420834500919,1.30939197527865,fail_open_budget_cap,True,True,False,1.0,0.0,0.06498936119833902
rule_compact_to_qwen,synthetic_route_pressure,1e-06,0.27504445761707175,2.0,3.2191916978514015,0.6762076224825601,0.885420834500919,1.30939197527865,fail_closed_no_admission,False,False,True,1.0,0.0,0.0
rule_compact_to_qwen,synthetic_route_pressure,1e-06,0.27504445761707175,2.0,3.2191916978514015,0.6762076224825601,0.885420834500919,1.0,fail_closed_defer_reject,True,True,True,0.935010638801661,0.06498936119833902,0.0
rule_compact_to_qwen,synthetic_route_pressure,0.0001,0.27563722584469474,0.5,0.8047979244628504,0.6762076224825601,0.22183226726450828,0.3280534851856532,fail_open_budget_cap,True,True,True,1.0,0.0,0.0
rule_compact_to_qwen,synthetic_route_pressure,0.0001,0.27563722584469474,0.5,0.8047979244628504,0.6762076224825601,0.22183226726450828,0.3280534851856532,fail_closed_no_admission,True,True,True,1.0,0.0,0.0
rule_compact_to_qwen,synthetic_route_pressure,0.0001,0.27563722584469474,0.5,0.8047979244628504,0.6762076224825601,0.22183226726450828,0.3280534851856532,fail_closed_defer_reject,True,True,True,1.0,0.0,0.0
rule_compact_to_qwen,synthetic_route_pressure,0.0001,0.27563722584469474,1.0,1.6095958489257007,0.6762076224825601,0.44366453452901655,0.6561069703713064,fail_open_budget_cap,True,True,True,1.0,0.0,0.0
rule_compact_to_qwen,synthetic_route_pressure,0.0001,0.27563722584469474,1.0,1.6095958489257007,0.6762076224825601,0.44366453452901655,0.6561069703713064,fail_closed_no_admission,True,True,True,1.0,0.0,0.0
rule_compact_to_qwen,synthetic_route_pressure,0.0001,0.27563722584469474,1.0,1.6095958489257007,0.6762076224825601,0.44366453452901655,0.6561069703713064,fail_closed_defer_reject,True,True,True,1.0,0.0,0.0
rule_compact_to_qwen,synthetic_route_pressure,0.0001,0.27563722584469474,1.25,2.011994811157126,0.6762076224825601,0.5545806681612707,0.820133712964133,fail_open_budget_cap,True,True,True,1.0,0.0,0.0
rule_compact_to_qwen,synthetic_route_pressure,0.0001,0.27563722584469474,1.25,2.011994811157126,0.6762076224825601,0.5545806681612707,0.820133712964133,fail_closed_no_admission,True,True,True,1.0,0.0,0.0
rule_compact_to_qwen,synthetic_route_pressure,0.0001,0.27563722584469474,1.25,2.011994811157126,0.6762076224825601,0.5545806681612707,0.820133712964133,fail_closed_defer_reject,True,True,True,1.0,0.0,0.0
rule_compact_to_qwen,synthetic_route_pressure,0.0001,0.27563722584469474,1.5,2.414393773388551,0.6762076224825601,0.6654968017935248,0.9841604555569595,fail_open_budget_cap,True,True,True,1.0,0.0,0.0
rule_compact_to_qwen,synthetic_route_pressure,0.0001,0.27563722584469474,1.5,2.414393773388551,0.6762076224825601,0.6654968017935248,0.9841604555569595,fail_closed_no_admission,True,True,True,1.0,0.0,0.0
rule_compact_to_qwen,synthetic_route_pressure,0.0001,0.27563722584469474,1.5,2.414393773388551,0.6762076224825601,0.6654968017935248,0.9841604555569595,fail_closed_defer_reject,True,True,True,1.0,0.0,0.0
rule_compact_to_qwen,synthetic_route_pressure,0.0001,0.27563722584469474,2.0,3.2191916978514015,0.6762076224825601,0.8873290690580331,1.3122139407426128,fail_open_budget_cap,True,True,False,1.0,0.0,0.06558212942596202
rule_compact_to_qwen,synthetic_route_pressure,0.0001,0.27563722584469474,2.0,3.2191916978514015,0.6762076224825601,0.8873290690580331,1.3122139407426128,fail_closed_no_admission,False,False,True,1.0,0.0,0.0
rule_compact_to_qwen,synthetic_route_pressure,0.0001,0.27563722584469474,2.0,3.2191916978514015,0.6762076224825601,0.8873290690580331,1.0,fail_closed_defer_reject,True,True,True,0.934417870574038,0.06558212942596202,0.0
rule_compact_to_qwen,synthetic_route_pressure,0.001,0.27800829875518673,0.5,0.8047979244628504,0.6762076224825601,0.2237405018216223,0.33087545064961577,fail_open_budget_cap,True,True,True,1.0,0.0,0.0
rule_compact_to_qwen,synthetic_route_pressure,0.001,0.27800829875518673,0.5,0.8047979244628504,0.6762076224825601,0.2237405018216223,0.33087545064961577,fail_closed_no_admission,True,True,True,1.0,0.0,0.0
rule_compact_to_qwen,synthetic_route_pressure,0.001,0.27800829875518673,0.5,0.8047979244628504,0.6762076224825601,0.2237405018216223,0.33087545064961577,fail_closed_defer_reject,True,True,True,1.0,0.0,0.0
rule_compact_to_qwen,synthetic_route_pressure,0.001,0.27800829875518673,1.0,1.6095958489257007,0.6762076224825601,0.4474810036432446,0.6617509012992315,fail_open_budget_cap,True,True,True,1.0,0.0,0.0
rule_compact_to_qwen,synthetic_route_pressure,0.001,0.27800829875518673,1.0,1.6095958489257007,0.6762076224825601,0.4474810036432446,0.6617509012992315,fail_closed_no_admission,True,True,True,1.0,0.0,0.0
rule_compact_to_qwen,synthetic_route_pressure,0.001,0.27800829875518673,1.0,1.6095958489257007,0.6762076224825601,0.4474810036432446,0.6617509012992315,fail_closed_defer_reject,True,True,True,1.0,0.0,0.0
rule_compact_to_qwen,synthetic_route_pressure,0.001,0.27800829875518673,1.25,2.011994811157126,0.6762076224825601,0.5593512545540558,0.8271886266240394,fail_open_budget_cap,True,True,True,1.0,0.0,0.0
rule_compact_to_qwen,synthetic_route_pressure,0.001,0.27800829875518673,1.25,2.011994811157126,0.6762076224825601,0.5593512545540558,0.8271886266240394,fail_closed_no_admission,True,True,True,1.0,0.0,0.0
rule_compact_to_qwen,synthetic_route_pressure,0.001,0.27800829875518673,1.25,2.011994811157126,0.6762076224825601,0.5593512545540558,0.8271886266240394,fail_closed_defer_reject,True,True,True,1.0,0.0,0.0
rule_compact_to_qwen,synthetic_route_pressure,0.001,0.27800829875518673,1.5,2.414393773388551,0.6762076224825601,0.6712215054648669,0.9926263519488473,fail_open_budget_cap,True,True,True,1.0,0.0,0.0
rule_compact_to_qwen,synthetic_route_pressure,0.001,0.27800829875518673,1.5,2.414393773388551,0.6762076224825601,0.6712215054648669,0.9926263519488473,fail_closed_no_admission,True,True,True,1.0,0.0,0.0
rule_compact_to_qwen,synthetic_route_pressure,0.001,0.27800829875518673,1.5,2.414393773388551,0.6762076224825601,0.6712215054648669,0.9926263519488473,fail_closed_defer_reject,True,True,True,1.0,0.0,0.0
rule_compact_to_qwen,synthetic_route_pressure,0.001,0.27800829875518673,2.0,3.2191916978514015,0.6762076224825601,0.8949620072864892,1.323501802598463,fail_open_budget_cap,True,True,False,1.0,0.0,0.067953202336454
rule_compact_to_qwen,synthetic_route_pressure,0.001,0.27800829875518673,2.0,3.2191916978514015,0.6762076224825601,0.8949620072864892,1.323501802598463,fail_closed_no_admission,False,False,True,1.0,0.0,0.0
rule_compact_to_qwen,synthetic_route_pressure,0.001,0.27800829875518673,2.0,3.2191916978514015,0.6762076224825601,0.8949620072864892,1.0,fail_closed_defer_reject,True,True,True,0.932046797663546,0.067953202336454,0.0
rule_compact_to_qwen,synthetic_route_pressure,0.01,0.28927089508002374,0.5,0.8047979244628504,0.6762076224825601,0.23280461596791405,0.34427978660343816,fail_open_budget_cap,True,True,True,1.0,0.0,0.0
rule_compact_to_qwen,synthetic_route_pressure,0.01,0.28927089508002374,0.5,0.8047979244628504,0.6762076224825601,0.23280461596791405,0.34427978660343816,fail_closed_no_admission,True,True,True,1.0,0.0,0.0
rule_compact_to_qwen,synthetic_route_pressure,0.01,0.28927089508002374,0.5,0.8047979244628504,0.6762076224825601,0.23280461596791405,0.34427978660343816,fail_closed_defer_reject,True,True,True,1.0,0.0,0.0
rule_compact_to_qwen,synthetic_route_pressure,0.01,0.28927089508002374,1.0,1.6095958489257007,0.6762076224825601,0.4656092319358281,0.6885595732068763,fail_open_budget_cap,True,True,True,1.0,0.0,0.0
rule_compact_to_qwen,synthetic_route_pressure,0.01,0.28927089508002374,1.0,1.6095958489257007,0.6762076224825601,0.4656092319358281,0.6885595732068763,fail_closed_no_admission,True,True,True,1.0,0.0,0.0
rule_compact_to_qwen,synthetic_route_pressure,0.01,0.28927089508002374,1.0,1.6095958489257007,0.6762076224825601,0.4656092319358281,0.6885595732068763,fail_closed_defer_reject,True,True,True,1.0,0.0,0.0
rule_compact_to_qwen,synthetic_route_pressure,0.01,0.28927089508002374,1.25,2.011994811157126,0.6762076224825601,0.5820115399197852,0.8606994665085954,fail_open_budget_cap,True,True,True,1.0,0.0,0.0
rule_compact_to_qwen,synthetic_route_pressure,0.01,0.28927089508002374,1.25,2.011994811157126,0.6762076224825601,0.5820115399197852,0.8606994665085954,fail_closed_no_admission,True,True,True,1.0,0.0,0.0
rule_compact_to_qwen,synthetic_route_pressure,0.01,0.28927089508002374,1.25,2.011994811157126,0.6762076224825601,0.5820115399197852,0.8606994665085954,fail_closed_defer_reject,True,True,True,1.0,0.0,0.0
rule_compact_to_qwen,synthetic_route_pressure,0.01,0.28927089508002374,1.5,2.414393773388551,0.6762076224825601,0.6984138479037422,1.0328393598103145,fail_open_budget_cap,True,True,False,1.0,0.0,0.009197433188380096
rule_compact_to_qwen,synthetic_route_pressure,0.01,0.28927089508002374,1.5,2.414393773388551,0.6762076224825601,0.6984138479037422,1.0328393598103145,fail_closed_no_admission,False,False,True,1.0,0.0,0.0
rule_compact_to_qwen,synthetic_route_pressure,0.01,0.28927089508002374,1.5,2.414393773388551,0.6762076224825601,0.6984138479037422,1.0,fail_closed_defer_reject,True,True,True,0.9908025668116199,0.009197433188380096,0.0
rule_compact_to_qwen,synthetic_route_pressure,0.01,0.28927089508002374,2.0,3.2191916978514015,0.6762076224825601,0.9312184638716562,1.3771191464137527,fail_open_budget_cap,True,True,False,1.0,0.0,0.079215798661291
rule_compact_to_qwen,synthetic_route_pressure,0.01,0.28927089508002374,2.0,3.2191916978514015,0.6762076224825601,0.9312184638716562,1.3771191464137527,fail_closed_no_admission,False,False,True,1.0,0.0,0.0
rule_compact_to_qwen,synthetic_route_pressure,0.01,0.28927089508002374,2.0,3.2191916978514015,0.6762076224825601,0.9312184638716562,1.0,fail_closed_defer_reject,True,True,True,0.920784201338709,0.079215798661291,0.0
rule_compact_to_qwen,synthetic_route_pressure,0.05,0.42738589211618255,0.5,0.8047979244628504,0.6762076224825601,0.3439592789198074,0.50865927487926,fail_open_budget_cap,True,True,True,1.0,0.0,0.0
rule_compact_to_qwen,synthetic_route_pressure,0.05,0.42738589211618255,0.5,0.8047979244628504,0.6762076224825601,0.3439592789198074,0.50865927487926,fail_closed_no_admission,True,True,True,1.0,0.0,0.0
rule_compact_to_qwen,synthetic_route_pressure,0.05,0.42738589211618255,0.5,0.8047979244628504,0.6762076224825601,0.3439592789198074,0.50865927487926,fail_closed_defer_reject,True,True,True,1.0,0.0,0.0
rule_compact_to_qwen,synthetic_route_pressure,0.05,0.42738589211618255,1.0,1.6095958489257007,0.6762076224825601,0.6879185578396148,1.01731854975852,fail_open_budget_cap,True,True,False,1.0,0.0,0.007275699278717062
rule_compact_to_qwen,synthetic_route_pressure,0.05,0.42738589211618255,1.0,1.6095958489257007,0.6762076224825601,0.6879185578396148,1.01731854975852,fail_closed_no_admission,False,False,True,1.0,0.0,0.0
rule_compact_to_qwen,synthetic_route_pressure,0.05,0.42738589211618255,1.0,1.6095958489257007,0.6762076224825601,0.6879185578396148,1.0,fail_closed_defer_reject,True,True,True,0.9927243007212829,0.007275699278717062,0.0
rule_compact_to_qwen,synthetic_route_pressure,0.05,0.42738589211618255,1.25,2.011994811157126,0.6762076224825601,0.8598981972995186,1.2716481871981502,fail_open_budget_cap,True,True,False,1.0,0.0,0.0912977378462102
rule_compact_to_qwen,synthetic_route_pressure,0.05,0.42738589211618255,1.25,2.011994811157126,0.6762076224825601,0.8598981972995186,1.2716481871981502,fail_closed_no_admission,False,False,True,1.0,0.0,0.0
rule_compact_to_qwen,synthetic_route_pressure,0.05,0.42738589211618255,1.25,2.011994811157126,0.6762076224825601,0.8598981972995186,1.0,fail_closed_defer_reject,True,True,True,0.9087022621537898,0.0912977378462102,0.0
rule_compact_to_qwen,synthetic_route_pressure,0.05,0.42738589211618255,1.5,2.414393773388551,0.6762076224825601,1.0318778367594221,1.52597782463778,fail_open_budget_cap,True,True,False,1.0,0.0,0.14731243022453888
rule_compact_to_qwen,synthetic_route_pressure,0.05,0.42738589211618255,1.5,2.414393773388551,0.6762076224825601,1.0318778367594221,1.52597782463778,fail_closed_no_admission,False,False,True,1.0,0.0,0.0
rule_compact_to_qwen,synthetic_route_pressure,0.05,0.42738589211618255,1.5,2.414393773388551,0.6762076224825601,1.0318778367594221,1.0,fail_closed_defer_reject,True,True,True,0.8526875697754611,0.14731243022453888,0.0
rule_compact_to_qwen,synthetic_route_pressure,0.05,0.42738589211618255,2.0,3.2191916978514015,0.6762076224825601,1.3758371156792295,2.03463709951704,fail_open_budget_cap,True,True,False,1.0,0.0,0.21733079569744979
rule_compact_to_qwen,synthetic_route_pressure,0.05,0.42738589211618255,2.0,3.2191916978514015,0.6762076224825601,1.3758371156792295,2.03463709951704,fail_closed_no_admission,False,False,True,1.0,0.0,0.0
rule_compact_to_qwen,synthetic_route_pressure,0.05,0.42738589211618255,2.0,3.2191916978514015,0.6762076224825601,1.3758371156792295,1.0,fail_closed_defer_reject,True,True,True,0.7826692043025503,0.21733079569744979,0.0
rule_compact_to_qwen,synthetic_route_pressure,0.1,1.0,0.5,0.8047979244628504,0.6762076224825601,0.8047979244628504,1.1901639344262298,fail_open_budget_cap,True,True,False,1.0,0.0,0.15977961432506907
rule_compact_to_qwen,synthetic_route_pressure,0.1,1.0,0.5,0.8047979244628504,0.6762076224825601,0.8047979244628504,1.1901639344262298,fail_closed_no_admission,False,False,True,1.0,0.0,0.0
rule_compact_to_qwen,synthetic_route_pressure,0.1,1.0,0.5,0.8047979244628504,0.6762076224825601,0.8047979244628504,1.0,fail_closed_defer_reject,True,True,True,0.840220385674931,0.15977961432506907,0.0
rule_compact_to_qwen,synthetic_route_pressure,0.1,1.0,1.0,1.6095958489257007,0.6762076224825601,1.6095958489257007,2.3803278688524596,fail_open_budget_cap,True,True,False,1.0,0.0,0.5798898071625346
rule_compact_to_qwen,synthetic_route_pressure,0.1,1.0,1.0,1.6095958489257007,0.6762076224825601,1.6095958489257007,2.3803278688524596,fail_closed_no_admission,False,False,True,1.0,0.0,0.0
rule_compact_to_qwen,synthetic_route_pressure,0.1,1.0,1.0,1.6095958489257007,0.6762076224825601,1.6095958489257007,1.0,fail_closed_defer_reject,True,True,True,0.4201101928374654,0.5798898071625346,0.0
rule_compact_to_qwen,synthetic_route_pressure,0.1,1.0,1.25,2.011994811157126,0.6762076224825601,2.011994811157126,2.9754098360655745,fail_open_budget_cap,True,True,False,1.0,0.0,0.6639118457300277
rule_compact_to_qwen,synthetic_route_pressure,0.1,1.0,1.25,2.011994811157126,0.6762076224825601,2.011994811157126,2.9754098360655745,fail_closed_no_admission,False,False,True,1.0,0.0,0.0
rule_compact_to_qwen,synthetic_route_pressure,0.1,1.0,1.25,2.011994811157126,0.6762076224825601,2.011994811157126,1.0,fail_closed_defer_reject,True,True,True,0.3360881542699723,0.6639118457300277,0.0
rule_compact_to_qwen,synthetic_route_pressure,0.1,1.0,1.5,2.414393773388551,0.6762076224825601,2.414393773388551,3.5704918032786894,fail_open_budget_cap,True,True,False,1.0,0.0,0.7199265381083564
rule_compact_to_qwen,synthetic_route_pressure,0.1,1.0,1.5,2.414393773388551,0.6762076224825601,2.414393773388551,3.5704918032786894,fail_closed_no_admission,False,False,True,1.0,0.0,0.0
rule_compact_to_qwen,synthetic_route_pressure,0.1,1.0,1.5,2.414393773388551,0.6762076224825601,2.414393773388551,1.0,fail_closed_defer_reject,True,True,True,0.2800734618916436,0.7199265381083564,0.0
rule_compact_to_qwen,synthetic_route_pressure,0.1,1.0,2.0,3.2191916978514015,0.6762076224825601,3.2191916978514015,4.760655737704919,fail_open_budget_cap,True,True,False,1.0,0.0,0.7899449035812673
rule_compact_to_qwen,synthetic_route_pressure,0.1,1.0,2.0,3.2191916978514015,0.6762076224825601,3.2191916978514015,4.760655737704919,fail_closed_no_admission,False,False,True,1.0,0.0,0.0
rule_compact_to_qwen,synthetic_route_pressure,0.1,1.0,2.0,3.2191916978514015,0.6762076224825601,3.2191916978514015,1.0,fail_closed_defer_reject,True,True,True,0.21005509641873266,0.7899449035812673,0.0
rule_compact_to_qwen,synthetic_route_pressure,0.25,1.0,0.5,0.8047979244628504,0.6762076224825601,0.8047979244628504,1.1901639344262298,fail_open_budget_cap,True,True,False,1.0,0.0,0.15977961432506907
rule_compact_to_qwen,synthetic_route_pressure,0.25,1.0,0.5,0.8047979244628504,0.6762076224825601,0.8047979244628504,1.1901639344262298,fail_closed_no_admission,False,False,True,1.0,0.0,0.0
rule_compact_to_qwen,synthetic_route_pressure,0.25,1.0,0.5,0.8047979244628504,0.6762076224825601,0.8047979244628504,1.0,fail_closed_defer_reject,True,True,True,0.840220385674931,0.15977961432506907,0.0
rule_compact_to_qwen,synthetic_route_pressure,0.25,1.0,1.0,1.6095958489257007,0.6762076224825601,1.6095958489257007,2.3803278688524596,fail_open_budget_cap,True,True,False,1.0,0.0,0.5798898071625346
rule_compact_to_qwen,synthetic_route_pressure,0.25,1.0,1.0,1.6095958489257007,0.6762076224825601,1.6095958489257007,2.3803278688524596,fail_closed_no_admission,False,False,True,1.0,0.0,0.0
rule_compact_to_qwen,synthetic_route_pressure,0.25,1.0,1.0,1.6095958489257007,0.6762076224825601,1.6095958489257007,1.0,fail_closed_defer_reject,True,True,True,0.4201101928374654,0.5798898071625346,0.0
rule_compact_to_qwen,synthetic_route_pressure,0.25,1.0,1.25,2.011994811157126,0.6762076224825601,2.011994811157126,2.9754098360655745,fail_open_budget_cap,True,True,False,1.0,0.0,0.6639118457300277
rule_compact_to_qwen,synthetic_route_pressure,0.25,1.0,1.25,2.011994811157126,0.6762076224825601,2.011994811157126,2.9754098360655745,fail_closed_no_admission,False,False,True,1.0,0.0,0.0
rule_compact_to_qwen,synthetic_route_pressure,0.25,1.0,1.25,2.011994811157126,0.6762076224825601,2.011994811157126,1.0,fail_closed_defer_reject,True,True,True,0.3360881542699723,0.6639118457300277,0.0
rule_compact_to_qwen,synthetic_route_pressure,0.25,1.0,1.5,2.414393773388551,0.6762076224825601,2.414393773388551,3.5704918032786894,fail_open_budget_cap,True,True,False,1.0,0.0,0.7199265381083564
rule_compact_to_qwen,synthetic_route_pressure,0.25,1.0,1.5,2.414393773388551,0.6762076224825601,2.414393773388551,3.5704918032786894,fail_closed_no_admission,False,False,True,1.0,0.0,0.0
rule_compact_to_qwen,synthetic_route_pressure,0.25,1.0,1.5,2.414393773388551,0.6762076224825601,2.414393773388551,1.0,fail_closed_defer_reject,True,True,True,0.2800734618916436,0.7199265381083564,0.0
rule_compact_to_qwen,synthetic_route_pressure,0.25,1.0,2.0,3.2191916978514015,0.6762076224825601,3.2191916978514015,4.760655737704919,fail_open_budget_cap,True,True,False,1.0,0.0,0.7899449035812673
rule_compact_to_qwen,synthetic_route_pressure,0.25,1.0,2.0,3.2191916978514015,0.6762076224825601,3.2191916978514015,4.760655737704919,fail_closed_no_admission,False,False,True,1.0,0.0,0.0
rule_compact_to_qwen,synthetic_route_pressure,0.25,1.0,2.0,3.2191916978514015,0.6762076224825601,3.2191916978514015,1.0,fail_closed_defer_reject,True,True,True,0.21005509641873266,0.7899449035812673,0.0
rule_compact_to_qwen,worst_case_all_escalate,,1.0,0.5,0.8047979244628504,0.6762076224825601,0.8047979244628504,1.1901639344262298,fail_open_budget_cap,True,True,False,1.0,0.0,0.15977961432506907
rule_compact_to_qwen,worst_case_all_escalate,,1.0,0.5,0.8047979244628504,0.6762076224825601,0.8047979244628504,1.1901639344262298,fail_closed_no_admission,False,False,True,1.0,0.0,0.0
rule_compact_to_qwen,worst_case_all_escalate,,1.0,0.5,0.8047979244628504,0.6762076224825601,0.8047979244628504,1.0,fail_closed_defer_reject,True,True,True,0.840220385674931,0.15977961432506907,0.0
rule_compact_to_qwen,worst_case_all_escalate,,1.0,1.0,1.6095958489257007,0.6762076224825601,1.6095958489257007,2.3803278688524596,fail_open_budget_cap,True,True,False,1.0,0.0,0.5798898071625346
rule_compact_to_qwen,worst_case_all_escalate,,1.0,1.0,1.6095958489257007,0.6762076224825601,1.6095958489257007,2.3803278688524596,fail_closed_no_admission,False,False,True,1.0,0.0,0.0
rule_compact_to_qwen,worst_case_all_escalate,,1.0,1.0,1.6095958489257007,0.6762076224825601,1.6095958489257007,1.0,fail_closed_defer_reject,True,True,True,0.4201101928374654,0.5798898071625346,0.0
rule_compact_to_qwen,worst_case_all_escalate,,1.0,1.25,2.011994811157126,0.6762076224825601,2.011994811157126,2.9754098360655745,fail_open_budget_cap,True,True,False,1.0,0.0,0.6639118457300277
rule_compact_to_qwen,worst_case_all_escalate,,1.0,1.25,2.011994811157126,0.6762076224825601,2.011994811157126,2.9754098360655745,fail_closed_no_admission,False,False,True,1.0,0.0,0.0
rule_compact_to_qwen,worst_case_all_escalate,,1.0,1.25,2.011994811157126,0.6762076224825601,2.011994811157126,1.0,fail_closed_defer_reject,True,True,True,0.3360881542699723,0.6639118457300277,0.0
rule_compact_to_qwen,worst_case_all_escalate,,1.0,1.5,2.414393773388551,0.6762076224825601,2.414393773388551,3.5704918032786894,fail_open_budget_cap,True,True,False,1.0,0.0,0.7199265381083564
rule_compact_to_qwen,worst_case_all_escalate,,1.0,1.5,2.414393773388551,0.6762076224825601,2.414393773388551,3.5704918032786894,fail_closed_no_admission,False,False,True,1.0,0.0,0.0
rule_compact_to_qwen,worst_case_all_escalate,,1.0,1.5,2.414393773388551,0.6762076224825601,2.414393773388551,1.0,fail_closed_defer_reject,True,True,True,0.2800734618916436,0.7199265381083564,0.0
rule_compact_to_qwen,worst_case_all_escalate,,1.0,2.0,3.2191916978514015,0.6762076224825601,3.2191916978514015,4.760655737704919,fail_open_budget_cap,True,True,False,1.0,0.0,0.7899449035812673
rule_compact_to_qwen,worst_case_all_escalate,,1.0,2.0,3.2191916978514015,0.6762076224825601,3.2191916978514015,4.760655737704919,fail_closed_no_admission,False,False,True,1.0,0.0,0.0
rule_compact_to_qwen,worst_case_all_escalate,,1.0,2.0,3.2191916978514015,0.6762076224825601,3.2191916978514015,1.0,fail_closed_defer_reject,True,True,True,0.21005509641873266,0.7899449035812673,0.0
compact_to_qwen,synthetic_route_pressure,0.0,0.3011262596324837,0.5,1.1700119777758953,0.6768664334240715,0.35232133059285997,0.5205182487932933,fail_open_budget_cap,True,True,True,1.0,0.0,0.0
compact_to_qwen,synthetic_route_pressure,0.0,0.3011262596324837,0.5,1.1700119777758953,0.6768664334240715,0.35232133059285997,0.5205182487932933,fail_closed_no_admission,True,True,True,1.0,0.0,0.0
compact_to_qwen,synthetic_route_pressure,0.0,0.3011262596324837,0.5,1.1700119777758953,0.6768664334240715,0.35232133059285997,0.5205182487932933,fail_closed_defer_reject,True,True,True,1.0,0.0,0.0
compact_to_qwen,synthetic_route_pressure,0.0,0.3011262596324837,1.0,2.3400239555517905,0.6768664334240715,0.7046426611857199,1.0410364975865867,fail_open_budget_cap,True,True,False,1.0,0.0,0.011870061285376314
compact_to_qwen,synthetic_route_pressure,0.0,0.3011262596324837,1.0,2.3400239555517905,0.6768664334240715,0.7046426611857199,1.0410364975865867,fail_closed_no_admission,False,False,True,1.0,0.0,0.0
compact_to_qwen,synthetic_route_pressure,0.0,0.3011262596324837,1.0,2.3400239555517905,0.6768664334240715,0.7046426611857199,1.0,fail_closed_defer_reject,True,True,True,0.9881299387146237,0.011870061285376314,0.0
compact_to_qwen,synthetic_route_pressure,0.0,0.3011262596324837,1.25,2.9250299444397383,0.6768664334240715,0.88080332648215,1.3012956219832335,fail_open_budget_cap,True,True,False,1.0,0.0,0.06972130095479781
compact_to_qwen,synthetic_route_pressure,0.0,0.3011262596324837,1.25,2.9250299444397383,0.6768664334240715,0.88080332648215,1.3012956219832335,fail_closed_no_admission,False,False,True,1.0,0.0,0.0
compact_to_qwen,synthetic_route_pressure,0.0,0.3011262596324837,1.25,2.9250299444397383,0.6768664334240715,0.88080332648215,1.0,fail_closed_defer_reject,True,True,True,0.9302786990452022,0.06972130095479781,0.0
compact_to_qwen,synthetic_route_pressure,0.0,0.3011262596324837,1.5,3.5100359333276856,0.6768664334240715,1.0569639917785798,1.5615547463798798,fail_open_budget_cap,True,True,False,1.0,0.0,0.10828879406774541
compact_to_qwen,synthetic_route_pressure,0.0,0.3011262596324837,1.5,3.5100359333276856,0.6768664334240715,1.0569639917785798,1.5615547463798798,fail_closed_no_admission,False,False,True,1.0,0.0,0.0
compact_to_qwen,synthetic_route_pressure,0.0,0.3011262596324837,1.5,3.5100359333276856,0.6768664334240715,1.0569639917785798,1.0,fail_closed_defer_reject,True,True,True,0.8917112059322546,0.10828879406774541,0.0
compact_to_qwen,synthetic_route_pressure,0.0,0.3011262596324837,2.0,4.680047911103581,0.6768664334240715,1.4092853223714399,2.0820729951731733,fail_open_budget_cap,True,True,False,1.0,0.0,0.15649816045893
compact_to_qwen,synthetic_route_pressure,0.0,0.3011262596324837,2.0,4.680047911103581,0.6768664334240715,1.4092853223714399,2.0820729951731733,fail_closed_no_admission,False,False,True,1.0,0.0,0.0
compact_to_qwen,synthetic_route_pressure,0.0,0.3011262596324837,2.0,4.680047911103581,0.6768664334240715,1.4092853223714399,1.0,fail_closed_defer_reject,True,True,True,0.84350183954107,0.15649816045893,0.0
compact_to_qwen,synthetic_route_pressure,1e-06,0.3017190278601067,0.5,1.1700119777758953,0.6768664334240715,0.35301487651922386,0.5215428910153274,fail_open_budget_cap,True,True,True,1.0,0.0,0.0
compact_to_qwen,synthetic_route_pressure,1e-06,0.3017190278601067,0.5,1.1700119777758953,0.6768664334240715,0.35301487651922386,0.5215428910153274,fail_closed_no_admission,True,True,True,1.0,0.0,0.0
compact_to_qwen,synthetic_route_pressure,1e-06,0.3017190278601067,0.5,1.1700119777758953,0.6768664334240715,0.35301487651922386,0.5215428910153274,fail_closed_defer_reject,True,True,True,1.0,0.0,0.0
compact_to_qwen,synthetic_route_pressure,1e-06,0.3017190278601067,1.0,2.3400239555517905,0.6768664334240715,0.7060297530384477,1.0430857820306547,fail_open_budget_cap,True,True,False,1.0,0.0,0.012462829512999308
compact_to_qwen,synthetic_route_pressure,1e-06,0.3017190278601067,1.0,2.3400239555517905,0.6768664334240715,0.7060297530384477,1.0430857820306547,fail_closed_no_admission,False,False,True,1.0,0.0,0.0
compact_to_qwen,synthetic_route_pressure,1e-06,0.3017190278601067,1.0,2.3400239555517905,0.6768664334240715,0.7060297530384477,1.0,fail_closed_defer_reject,True,True,True,0.9875371704870007,0.012462829512999308,0.0
compact_to_qwen,synthetic_route_pressure,1e-06,0.3017190278601067,1.25,2.9250299444397383,0.6768664334240715,0.8825371912980597,1.3038572275383187,fail_open_budget_cap,True,True,False,1.0,0.0,0.07031406918242081
compact_to_qwen,synthetic_route_pressure,1e-06,0.3017190278601067,1.25,2.9250299444397383,0.6768664334240715,0.8825371912980597,1.3038572275383187,fail_closed_no_admission,False,False,True,1.0,0.0,0.0
compact_to_qwen,synthetic_route_pressure,1e-06,0.3017190278601067,1.25,2.9250299444397383,0.6768664334240715,0.8825371912980597,1.0,fail_closed_defer_reject,True,True,True,0.9296859308175792,0.07031406918242081,0.0
compact_to_qwen,synthetic_route_pressure,1e-06,0.3017190278601067,1.5,3.5100359333276856,0.6768664334240715,1.0590446295576714,1.564628673045982,fail_open_budget_cap,True,True,False,1.0,0.0,0.1088815622953684
compact_to_qwen,synthetic_route_pressure,1e-06,0.3017190278601067,1.5,3.5100359333276856,0.6768664334240715,1.0590446295576714,1.564628673045982,fail_closed_no_admission,False,False,True,1.0,0.0,0.0
compact_to_qwen,synthetic_route_pressure,1e-06,0.3017190278601067,1.5,3.5100359333276856,0.6768664334240715,1.0590446295576714,1.0,fail_closed_defer_reject,True,True,True,0.8911184377046316,0.1088815622953684,0.0
compact_to_qwen,synthetic_route_pressure,1e-06,0.3017190278601067,2.0,4.680047911103581,0.6768664334240715,1.4120595060768955,2.0861715640613094,fail_open_budget_cap,True,True,False,1.0,0.0,0.157090928686553
compact_to_qwen,synthetic_route_pressure,1e-06,0.3017190278601067,2.0,4.680047911103581,0.6768664334240715,1.4120595060768955,2.0861715640613094,fail_closed_no_admission,False,False,True,1.0,0.0,0.0
compact_to_qwen,synthetic_route_pressure,1e-06,0.3017190278601067,2.0,4.680047911103581,0.6768664334240715,1.4120595060768955,1.0,fail_closed_defer_reject,True,True,True,0.8429090713134471,0.157090928686553,0.0
compact_to_qwen,synthetic_route_pressure,0.0001,0.3959691760521636,0.5,1.1700119777758953,0.6768664334240715,0.4632886788110836,0.6844610043187401,fail_open_budget_cap,True,True,True,1.0,0.0,0.0
compact_to_qwen,synthetic_route_pressure,0.0001,0.3959691760521636,0.5,1.1700119777758953,0.6768664334240715,0.4632886788110836,0.6844610043187401,fail_closed_no_admission,True,True,True,1.0,0.0,0.0
compact_to_qwen,synthetic_route_pressure,0.0001,0.3959691760521636,0.5,1.1700119777758953,0.6768664334240715,0.4632886788110836,0.6844610043187401,fail_closed_defer_reject,True,True,True,1.0,0.0,0.0
compact_to_qwen,synthetic_route_pressure,0.0001,0.3959691760521636,1.0,2.3400239555517905,0.6768664334240715,0.9265773576221672,1.3689220086374803,fail_open_budget_cap,True,True,False,1.0,0.0,0.10671297770505622
compact_to_qwen,synthetic_route_pressure,0.0001,0.3959691760521636,1.0,2.3400239555517905,0.6768664334240715,0.9265773576221672,1.3689220086374803,fail_closed_no_admission,False,False,True,1.0,0.0,0.0
compact_to_qwen,synthetic_route_pressure,0.0001,0.3959691760521636,1.0,2.3400239555517905,0.6768664334240715,0.9265773576221672,1.0,fail_closed_defer_reject,True,True,True,0.8932870222949438,0.10671297770505622,0.0
compact_to_qwen,synthetic_route_pressure,0.0001,0.3959691760521636,1.25,2.9250299444397383,0.6768664334240715,1.158221697027709,1.7111525107968504,fail_open_budget_cap,True,True,False,1.0,0.0,0.1645642173744777
compact_to_qwen,synthetic_route_pressure,0.0001,0.3959691760521636,1.25,2.9250299444397383,0.6768664334240715,1.158221697027709,1.7111525107968504,fail_closed_no_admission,False,False,True,1.0,0.0,0.0
compact_to_qwen,synthetic_route_pressure,0.0001,0.3959691760521636,1.25,2.9250299444397383,0.6768664334240715,1.158221697027709,1.0,fail_closed_defer_reject,True,True,True,0.8354357826255223,0.1645642173744777,0.0
compact_to_qwen,synthetic_route_pressure,0.0001,0.3959691760521636,1.5,3.5100359333276856,0.6768664334240715,1.3898660364332507,2.0533830129562203,fail_open_budget_cap,True,True,False,1.0,0.0,0.20313171048742534
compact_to_qwen,synthetic_route_pressure,0.0001,0.3959691760521636,1.5,3.5100359333276856,0.6768664334240715,1.3898660364332507,2.0533830129562203,fail_closed_no_admission,False,False,True,1.0,0.0,0.0
compact_to_qwen,synthetic_route_pressure,0.0001,0.3959691760521636,1.5,3.5100359333276856,0.6768664334240715,1.3898660364332507,1.0,fail_closed_defer_reject,True,True,True,0.7968682895125747,0.20313171048742534,0.0
compact_to_qwen,synthetic_route_pressure,0.0001,0.3959691760521636,2.0,4.680047911103581,0.6768664334240715,1.8531547152443344,2.7378440172749605,fail_open_budget_cap,True,True,False,1.0,0.0,0.2513410768786099
compact_to_qwen,synthetic_route_pressure,0.0001,0.3959691760521636,2.0,4.680047911103581,0.6768664334240715,1.8531547152443344,2.7378440172749605,fail_closed_no_admission,False,False,True,1.0,0.0,0.0
compact_to_qwen,synthetic_route_pressure,0.0001,0.3959691760521636,2.0,4.680047911103581,0.6768664334240715,1.8531547152443344,1.0,fail_closed_defer_reject,True,True,True,0.74865892312139,0.2513410768786099,0.0
compact_to_qwen,synthetic_route_pressure,0.001,1.0,0.5,1.1700119777758953,0.6768664334240715,1.1700119777758953,1.7285714285714289,fail_open_budget_cap,True,True,False,1.0,0.0,0.4214876033057853
compact_to_qwen,synthetic_route_pressure,0.001,1.0,0.5,1.1700119777758953,0.6768664334240715,1.1700119777758953,1.7285714285714289,fail_closed_no_admission,False,False,True,1.0,0.0,0.0
compact_to_qwen,synthetic_route_pressure,0.001,1.0,0.5,1.1700119777758953,0.6768664334240715,1.1700119777758953,1.0,fail_closed_defer_reject,True,True,True,0.5785123966942147,0.4214876033057853,0.0
compact_to_qwen,synthetic_route_pressure,0.001,1.0,1.0,2.3400239555517905,0.6768664334240715,2.3400239555517905,3.4571428571428577,fail_open_budget_cap,True,True,False,1.0,0.0,0.7107438016528926
compact_to_qwen,synthetic_route_pressure,0.001,1.0,1.0,2.3400239555517905,0.6768664334240715,2.3400239555517905,3.4571428571428577,fail_closed_no_admission,False,False,True,1.0,0.0,0.0
compact_to_qwen,synthetic_route_pressure,0.001,1.0,1.0,2.3400239555517905,0.6768664334240715,2.3400239555517905,1.0,fail_closed_defer_reject,True,True,True,0.28925619834710736,0.7107438016528926,0.0
compact_to_qwen,synthetic_route_pressure,0.001,1.0,1.25,2.9250299444397383,0.6768664334240715,2.9250299444397383,4.321428571428573,fail_open_budget_cap,True,True,False,1.0,0.0,0.7685950413223142
compact_to_qwen,synthetic_route_pressure,0.001,1.0,1.25,2.9250299444397383,0.6768664334240715,2.9250299444397383,4.321428571428573,fail_closed_no_admission,False,False,True,1.0,0.0,0.0
compact_to_qwen,synthetic_route_pressure,0.001,1.0,1.25,2.9250299444397383,0.6768664334240715,2.9250299444397383,1.0,fail_closed_defer_reject,True,True,True,0.23140495867768585,0.7685950413223142,0.0
compact_to_qwen,synthetic_route_pressure,0.001,1.0,1.5,3.5100359333276856,0.6768664334240715,3.5100359333276856,5.185714285714287,fail_open_budget_cap,True,True,False,1.0,0.0,0.8071625344352618
compact_to_qwen,synthetic_route_pressure,0.001,1.0,1.5,3.5100359333276856,0.6768664334240715,3.5100359333276856,5.185714285714287,fail_closed_no_admission,False,False,True,1.0,0.0,0.0
compact_to_qwen,synthetic_route_pressure,0.001,1.0,1.5,3.5100359333276856,0.6768664334240715,3.5100359333276856,1.0,fail_closed_defer_reject,True,True,True,0.19283746556473824,0.8071625344352618,0.0
compact_to_qwen,synthetic_route_pressure,0.001,1.0,2.0,4.680047911103581,0.6768664334240715,4.680047911103581,6.9142857142857155,fail_open_budget_cap,True,True,False,1.0,0.0,0.8553719008264463
compact_to_qwen,synthetic_route_pressure,0.001,1.0,2.0,4.680047911103581,0.6768664334240715,4.680047911103581,6.9142857142857155,fail_closed_no_admission,False,False,True,1.0,0.0,0.0
compact_to_qwen,synthetic_route_pressure,0.001,1.0,2.0,4.680047911103581,0.6768664334240715,4.680047911103581,1.0,fail_closed_defer_reject,True,True,True,0.14462809917355368,0.8553719008264463,0.0
compact_to_qwen,synthetic_route_pressure,0.01,1.0,0.5,1.1700119777758953,0.6768664334240715,1.1700119777758953,1.7285714285714289,fail_open_budget_cap,True,True,False,1.0,0.0,0.4214876033057853
compact_to_qwen,synthetic_route_pressure,0.01,1.0,0.5,1.1700119777758953,0.6768664334240715,1.1700119777758953,1.7285714285714289,fail_closed_no_admission,False,False,True,1.0,0.0,0.0
compact_to_qwen,synthetic_route_pressure,0.01,1.0,0.5,1.1700119777758953,0.6768664334240715,1.1700119777758953,1.0,fail_closed_defer_reject,True,True,True,0.5785123966942147,0.4214876033057853,0.0
compact_to_qwen,synthetic_route_pressure,0.01,1.0,1.0,2.3400239555517905,0.6768664334240715,2.3400239555517905,3.4571428571428577,fail_open_budget_cap,True,True,False,1.0,0.0,0.7107438016528926
compact_to_qwen,synthetic_route_pressure,0.01,1.0,1.0,2.3400239555517905,0.6768664334240715,2.3400239555517905,3.4571428571428577,fail_closed_no_admission,False,False,True,1.0,0.0,0.0
compact_to_qwen,synthetic_route_pressure,0.01,1.0,1.0,2.3400239555517905,0.6768664334240715,2.3400239555517905,1.0,fail_closed_defer_reject,True,True,True,0.28925619834710736,0.7107438016528926,0.0
compact_to_qwen,synthetic_route_pressure,0.01,1.0,1.25,2.9250299444397383,0.6768664334240715,2.9250299444397383,4.321428571428573,fail_open_budget_cap,True,True,False,1.0,0.0,0.7685950413223142
compact_to_qwen,synthetic_route_pressure,0.01,1.0,1.25,2.9250299444397383,0.6768664334240715,2.9250299444397383,4.321428571428573,fail_closed_no_admission,False,False,True,1.0,0.0,0.0
compact_to_qwen,synthetic_route_pressure,0.01,1.0,1.25,2.9250299444397383,0.6768664334240715,2.9250299444397383,1.0,fail_closed_defer_reject,True,True,True,0.23140495867768585,0.7685950413223142,0.0
compact_to_qwen,synthetic_route_pressure,0.01,1.0,1.5,3.5100359333276856,0.6768664334240715,3.5100359333276856,5.185714285714287,fail_open_budget_cap,True,True,False,1.0,0.0,0.8071625344352618
compact_to_qwen,synthetic_route_pressure,0.01,1.0,1.5,3.5100359333276856,0.6768664334240715,3.5100359333276856,5.185714285714287,fail_closed_no_admission,False,False,True,1.0,0.0,0.0
compact_to_qwen,synthetic_route_pressure,0.01,1.0,1.5,3.5100359333276856,0.6768664334240715,3.5100359333276856,1.0,fail_closed_defer_reject,True,True,True,0.19283746556473824,0.8071625344352618,0.0
compact_to_qwen,synthetic_route_pressure,0.01,1.0,2.0,4.680047911103581,0.6768664334240715,4.680047911103581,6.9142857142857155,fail_open_budget_cap,True,True,False,1.0,0.0,0.8553719008264463
compact_to_qwen,synthetic_route_pressure,0.01,1.0,2.0,4.680047911103581,0.6768664334240715,4.680047911103581,6.9142857142857155,fail_closed_no_admission,False,False,True,1.0,0.0,0.0
compact_to_qwen,synthetic_route_pressure,0.01,1.0,2.0,4.680047911103581,0.6768664334240715,4.680047911103581,1.0,fail_closed_defer_reject,True,True,True,0.14462809917355368,0.8553719008264463,0.0
compact_to_qwen,synthetic_route_pressure,0.05,1.0,0.5,1.1700119777758953,0.6768664334240715,1.1700119777758953,1.7285714285714289,fail_open_budget_cap,True,True,False,1.0,0.0,0.4214876033057853
compact_to_qwen,synthetic_route_pressure,0.05,1.0,0.5,1.1700119777758953,0.6768664334240715,1.1700119777758953,1.7285714285714289,fail_closed_no_admission,False,False,True,1.0,0.0,0.0
compact_to_qwen,synthetic_route_pressure,0.05,1.0,0.5,1.1700119777758953,0.6768664334240715,1.1700119777758953,1.0,fail_closed_defer_reject,True,True,True,0.5785123966942147,0.4214876033057853,0.0
compact_to_qwen,synthetic_route_pressure,0.05,1.0,1.0,2.3400239555517905,0.6768664334240715,2.3400239555517905,3.4571428571428577,fail_open_budget_cap,True,True,False,1.0,0.0,0.7107438016528926
compact_to_qwen,synthetic_route_pressure,0.05,1.0,1.0,2.3400239555517905,0.6768664334240715,2.3400239555517905,3.4571428571428577,fail_closed_no_admission,False,False,True,1.0,0.0,0.0
compact_to_qwen,synthetic_route_pressure,0.05,1.0,1.0,2.3400239555517905,0.6768664334240715,2.3400239555517905,1.0,fail_closed_defer_reject,True,True,True,0.28925619834710736,0.7107438016528926,0.0
compact_to_qwen,synthetic_route_pressure,0.05,1.0,1.25,2.9250299444397383,0.6768664334240715,2.9250299444397383,4.321428571428573,fail_open_budget_cap,True,True,False,1.0,0.0,0.7685950413223142
compact_to_qwen,synthetic_route_pressure,0.05,1.0,1.25,2.9250299444397383,0.6768664334240715,2.9250299444397383,4.321428571428573,fail_closed_no_admission,False,False,True,1.0,0.0,0.0
compact_to_qwen,synthetic_route_pressure,0.05,1.0,1.25,2.9250299444397383,0.6768664334240715,2.9250299444397383,1.0,fail_closed_defer_reject,True,True,True,0.23140495867768585,0.7685950413223142,0.0
compact_to_qwen,synthetic_route_pressure,0.05,1.0,1.5,3.5100359333276856,0.6768664334240715,3.5100359333276856,5.185714285714287,fail_open_budget_cap,True,True,False,1.0,0.0,0.8071625344352618
compact_to_qwen,synthetic_route_pressure,0.05,1.0,1.5,3.5100359333276856,0.6768664334240715,3.5100359333276856,5.185714285714287,fail_closed_no_admission,False,False,True,1.0,0.0,0.0
compact_to_qwen,synthetic_route_pressure,0.05,1.0,1.5,3.5100359333276856,0.6768664334240715,3.5100359333276856,1.0,fail_closed_defer_reject,True,True,True,0.19283746556473824,0.8071625344352618,0.0
compact_to_qwen,synthetic_route_pressure,0.05,1.0,2.0,4.680047911103581,0.6768664334240715,4.680047911103581,6.9142857142857155,fail_open_budget_cap,True,True,False,1.0,0.0,0.8553719008264463
compact_to_qwen,synthetic_route_pressure,0.05,1.0,2.0,4.680047911103581,0.6768664334240715,4.680047911103581,6.9142857142857155,fail_closed_no_admission,False,False,True,1.0,0.0,0.0
compact_to_qwen,synthetic_route_pressure,0.05,1.0,2.0,4.680047911103581,0.6768664334240715,4.680047911103581,1.0,fail_closed_defer_reject,True,True,True,0.14462809917355368,0.8553719008264463,0.0
compact_to_qwen,synthetic_route_pressure,0.1,1.0,0.5,1.1700119777758953,0.6768664334240715,1.1700119777758953,1.7285714285714289,fail_open_budget_cap,True,True,False,1.0,0.0,0.4214876033057853
compact_to_qwen,synthetic_route_pressure,0.1,1.0,0.5,1.1700119777758953,0.6768664334240715,1.1700119777758953,1.7285714285714289,fail_closed_no_admission,False,False,True,1.0,0.0,0.0
compact_to_qwen,synthetic_route_pressure,0.1,1.0,0.5,1.1700119777758953,0.6768664334240715,1.1700119777758953,1.0,fail_closed_defer_reject,True,True,True,0.5785123966942147,0.4214876033057853,0.0
compact_to_qwen,synthetic_route_pressure,0.1,1.0,1.0,2.3400239555517905,0.6768664334240715,2.3400239555517905,3.4571428571428577,fail_open_budget_cap,True,True,False,1.0,0.0,0.7107438016528926
compact_to_qwen,synthetic_route_pressure,0.1,1.0,1.0,2.3400239555517905,0.6768664334240715,2.3400239555517905,3.4571428571428577,fail_closed_no_admission,False,False,True,1.0,0.0,0.0
compact_to_qwen,synthetic_route_pressure,0.1,1.0,1.0,2.3400239555517905,0.6768664334240715,2.3400239555517905,1.0,fail_closed_defer_reject,True,True,True,0.28925619834710736,0.7107438016528926,0.0
compact_to_qwen,synthetic_route_pressure,0.1,1.0,1.25,2.9250299444397383,0.6768664334240715,2.9250299444397383,4.321428571428573,fail_open_budget_cap,True,True,False,1.0,0.0,0.7685950413223142
compact_to_qwen,synthetic_route_pressure,0.1,1.0,1.25,2.9250299444397383,0.6768664334240715,2.9250299444397383,4.321428571428573,fail_closed_no_admission,False,False,True,1.0,0.0,0.0
compact_to_qwen,synthetic_route_pressure,0.1,1.0,1.25,2.9250299444397383,0.6768664334240715,2.9250299444397383,1.0,fail_closed_defer_reject,True,True,True,0.23140495867768585,0.7685950413223142,0.0
compact_to_qwen,synthetic_route_pressure,0.1,1.0,1.5,3.5100359333276856,0.6768664334240715,3.5100359333276856,5.185714285714287,fail_open_budget_cap,True,True,False,1.0,0.0,0.8071625344352618
compact_to_qwen,synthetic_route_pressure,0.1,1.0,1.5,3.5100359333276856,0.6768664334240715,3.5100359333276856,5.185714285714287,fail_closed_no_admission,False,False,True,1.0,0.0,0.0
compact_to_qwen,synthetic_route_pressure,0.1,1.0,1.5,3.5100359333276856,0.6768664334240715,3.5100359333276856,1.0,fail_closed_defer_reject,True,True,True,0.19283746556473824,0.8071625344352618,0.0
compact_to_qwen,synthetic_route_pressure,0.1,1.0,2.0,4.680047911103581,0.6768664334240715,4.680047911103581,6.9142857142857155,fail_open_budget_cap,True,True,False,1.0,0.0,0.8553719008264463
compact_to_qwen,synthetic_route_pressure,0.1,1.0,2.0,4.680047911103581,0.6768664334240715,4.680047911103581,6.9142857142857155,fail_closed_no_admission,False,False,True,1.0,0.0,0.0
compact_to_qwen,synthetic_route_pressure,0.1,1.0,2.0,4.680047911103581,0.6768664334240715,4.680047911103581,1.0,fail_closed_defer_reject,True,True,True,0.14462809917355368,0.8553719008264463,0.0
compact_to_qwen,synthetic_route_pressure,0.25,1.0,0.5,1.1700119777758953,0.6768664334240715,1.1700119777758953,1.7285714285714289,fail_open_budget_cap,True,True,False,1.0,0.0,0.4214876033057853
compact_to_qwen,synthetic_route_pressure,0.25,1.0,0.5,1.1700119777758953,0.6768664334240715,1.1700119777758953,1.7285714285714289,fail_closed_no_admission,False,False,True,1.0,0.0,0.0
compact_to_qwen,synthetic_route_pressure,0.25,1.0,0.5,1.1700119777758953,0.6768664334240715,1.1700119777758953,1.0,fail_closed_defer_reject,True,True,True,0.5785123966942147,0.4214876033057853,0.0
compact_to_qwen,synthetic_route_pressure,0.25,1.0,1.0,2.3400239555517905,0.6768664334240715,2.3400239555517905,3.4571428571428577,fail_open_budget_cap,True,True,False,1.0,0.0,0.7107438016528926
compact_to_qwen,synthetic_route_pressure,0.25,1.0,1.0,2.3400239555517905,0.6768664334240715,2.3400239555517905,3.4571428571428577,fail_closed_no_admission,False,False,True,1.0,0.0,0.0
compact_to_qwen,synthetic_route_pressure,0.25,1.0,1.0,2.3400239555517905,0.6768664334240715,2.3400239555517905,1.0,fail_closed_defer_reject,True,True,True,0.28925619834710736,0.7107438016528926,0.0
compact_to_qwen,synthetic_route_pressure,0.25,1.0,1.25,2.9250299444397383,0.6768664334240715,2.9250299444397383,4.321428571428573,fail_open_budget_cap,True,True,False,1.0,0.0,0.7685950413223142
compact_to_qwen,synthetic_route_pressure,0.25,1.0,1.25,2.9250299444397383,0.6768664334240715,2.9250299444397383,4.321428571428573,fail_closed_no_admission,False,False,True,1.0,0.0,0.0
compact_to_qwen,synthetic_route_pressure,0.25,1.0,1.25,2.9250299444397383,0.6768664334240715,2.9250299444397383,1.0,fail_closed_defer_reject,True,True,True,0.23140495867768585,0.7685950413223142,0.0
compact_to_qwen,synthetic_route_pressure,0.25,1.0,1.5,3.5100359333276856,0.6768664334240715,3.5100359333276856,5.185714285714287,fail_open_budget_cap,True,True,False,1.0,0.0,0.8071625344352618
compact_to_qwen,synthetic_route_pressure,0.25,1.0,1.5,3.5100359333276856,0.6768664334240715,3.5100359333276856,5.185714285714287,fail_closed_no_admission,False,False,True,1.0,0.0,0.0
compact_to_qwen,synthetic_route_pressure,0.25,1.0,1.5,3.5100359333276856,0.6768664334240715,3.5100359333276856,1.0,fail_closed_defer_reject,True,True,True,0.19283746556473824,0.8071625344352618,0.0
compact_to_qwen,synthetic_route_pressure,0.25,1.0,2.0,4.680047911103581,0.6768664334240715,4.680047911103581,6.9142857142857155,fail_open_budget_cap,True,True,False,1.0,0.0,0.8553719008264463
compact_to_qwen,synthetic_route_pressure,0.25,1.0,2.0,4.680047911103581,0.6768664334240715,4.680047911103581,6.9142857142857155,fail_closed_no_admission,False,False,True,1.0,0.0,0.0
compact_to_qwen,synthetic_route_pressure,0.25,1.0,2.0,4.680047911103581,0.6768664334240715,4.680047911103581,1.0,fail_closed_defer_reject,True,True,True,0.14462809917355368,0.8553719008264463,0.0
compact_to_qwen,worst_case_all_escalate,,1.0,0.5,1.1700119777758953,0.6768664334240715,1.1700119777758953,1.7285714285714289,fail_open_budget_cap,True,True,False,1.0,0.0,0.4214876033057853
compact_to_qwen,worst_case_all_escalate,,1.0,0.5,1.1700119777758953,0.6768664334240715,1.1700119777758953,1.7285714285714289,fail_closed_no_admission,False,False,True,1.0,0.0,0.0
compact_to_qwen,worst_case_all_escalate,,1.0,0.5,1.1700119777758953,0.6768664334240715,1.1700119777758953,1.0,fail_closed_defer_reject,True,True,True,0.5785123966942147,0.4214876033057853,0.0
compact_to_qwen,worst_case_all_escalate,,1.0,1.0,2.3400239555517905,0.6768664334240715,2.3400239555517905,3.4571428571428577,fail_open_budget_cap,True,True,False,1.0,0.0,0.7107438016528926
compact_to_qwen,worst_case_all_escalate,,1.0,1.0,2.3400239555517905,0.6768664334240715,2.3400239555517905,3.4571428571428577,fail_closed_no_admission,False,False,True,1.0,0.0,0.0
compact_to_qwen,worst_case_all_escalate,,1.0,1.0,2.3400239555517905,0.6768664334240715,2.3400239555517905,1.0,fail_closed_defer_reject,True,True,True,0.28925619834710736,0.7107438016528926,0.0
compact_to_qwen,worst_case_all_escalate,,1.0,1.25,2.9250299444397383,0.6768664334240715,2.9250299444397383,4.321428571428573,fail_open_budget_cap,True,True,False,1.0,0.0,0.7685950413223142
compact_to_qwen,worst_case_all_escalate,,1.0,1.25,2.9250299444397383,0.6768664334240715,2.9250299444397383,4.321428571428573,fail_closed_no_admission,False,False,True,1.0,0.0,0.0
compact_to_qwen,worst_case_all_escalate,,1.0,1.25,2.9250299444397383,0.6768664334240715,2.9250299444397383,1.0,fail_closed_defer_reject,True,True,True,0.23140495867768585,0.7685950413223142,0.0
compact_to_qwen,worst_case_all_escalate,,1.0,1.5,3.5100359333276856,0.6768664334240715,3.5100359333276856,5.185714285714287,fail_open_budget_cap,True,True,False,1.0,0.0,0.8071625344352618
compact_to_qwen,worst_case_all_escalate,,1.0,1.5,3.5100359333276856,0.6768664334240715,3.5100359333276856,5.185714285714287,fail_closed_no_admission,False,False,True,1.0,0.0,0.0
compact_to_qwen,worst_case_all_escalate,,1.0,1.5,3.5100359333276856,0.6768664334240715,3.5100359333276856,1.0,fail_closed_defer_reject,True,True,True,0.19283746556473824,0.8071625344352618,0.0
compact_to_qwen,worst_case_all_escalate,,1.0,2.0,4.680047911103581,0.6768664334240715,4.680047911103581,6.9142857142857155,fail_open_budget_cap,True,True,False,1.0,0.0,0.8553719008264463
compact_to_qwen,worst_case_all_escalate,,1.0,2.0,4.680047911103581,0.6768664334240715,4.680047911103581,6.9142857142857155,fail_closed_no_admission,False,False,True,1.0,0.0,0.0
compact_to_qwen,worst_case_all_escalate,,1.0,2.0,4.680047911103581,0.6768664334240715,4.680047911103581,1.0,fail_closed_defer_reject,True,True,True,0.14462809917355368,0.8553719008264463,0.0
rule_to_compact,synthetic_route_pressure,0.0,0.2951985773562537,0.5,25.24314842177375,23.296018515962,7.451741502100372,0.31987189128453763,fail_open_budget_cap,True,True,True,1.0,0.0,0.0
rule_to_compact,synthetic_route_pressure,0.0,0.2951985773562537,0.5,25.24314842177375,23.296018515962,7.451741502100372,0.31987189128453763,fail_closed_no_admission,True,True,True,1.0,0.0,0.0
rule_to_compact,synthetic_route_pressure,0.0,0.2951985773562537,0.5,25.24314842177375,23.296018515962,7.451741502100372,0.31987189128453763,fail_closed_defer_reject,True,True,True,1.0,0.0,0.0
rule_to_compact,synthetic_route_pressure,0.0,0.2951985773562537,1.0,50.4862968435475,23.296018515962,14.903483004200744,0.6397437825690753,fail_open_budget_cap,True,True,True,1.0,0.0,0.0
rule_to_compact,synthetic_route_pressure,0.0,0.2951985773562537,1.0,50.4862968435475,23.296018515962,14.903483004200744,0.6397437825690753,fail_closed_no_admission,True,True,True,1.0,0.0,0.0
rule_to_compact,synthetic_route_pressure,0.0,0.2951985773562537,1.0,50.4862968435475,23.296018515962,14.903483004200744,0.6397437825690753,fail_closed_defer_reject,True,True,True,1.0,0.0,0.0
rule_to_compact,synthetic_route_pressure,0.0,0.2951985773562537,1.25,63.107871054434376,23.296018515962,18.629353755250932,0.7996797282113441,fail_open_budget_cap,True,True,True,1.0,0.0,0.0
rule_to_compact,synthetic_route_pressure,0.0,0.2951985773562537,1.25,63.107871054434376,23.296018515962,18.629353755250932,0.7996797282113441,fail_closed_no_admission,True,True,True,1.0,0.0,0.0
rule_to_compact,synthetic_route_pressure,0.0,0.2951985773562537,1.25,63.107871054434376,23.296018515962,18.629353755250932,0.7996797282113441,fail_closed_defer_reject,True,True,True,1.0,0.0,0.0
rule_to_compact,synthetic_route_pressure,0.0,0.2951985773562537,1.5,75.72944526532125,23.296018515962,22.355224506301116,0.9596156738536128,fail_open_budget_cap,True,True,True,1.0,0.0,0.0
rule_to_compact,synthetic_route_pressure,0.0,0.2951985773562537,1.5,75.72944526532125,23.296018515962,22.355224506301116,0.9596156738536128,fail_closed_no_admission,True,True,True,1.0,0.0,0.0
rule_to_compact,synthetic_route_pressure,0.0,0.2951985773562537,1.5,75.72944526532125,23.296018515962,22.355224506301116,0.9596156738536128,fail_closed_defer_reject,True,True,True,1.0,0.0,0.0
rule_to_compact,synthetic_route_pressure,0.0,0.2951985773562537,2.0,100.972593687095,23.296018515962,29.80696600840149,1.2794875651381505,fail_open_budget_cap,True,True,False,1.0,0.0,0.06448232391272754
rule_to_compact,synthetic_route_pressure,0.0,0.2951985773562537,2.0,100.972593687095,23.296018515962,29.80696600840149,1.2794875651381505,fail_closed_no_admission,False,False,True,1.0,0.0,0.0
rule_to_compact,synthetic_route_pressure,0.0,0.2951985773562537,2.0,100.972593687095,23.296018515962,29.80696600840149,1.0,fail_closed_defer_reject,True,True,True,0.9355176760872724,0.06448232391272754,0.0
rule_to_compact,synthetic_route_pressure,1e-06,0.2951985773562537,0.5,25.24314842177375,23.296018515962,7.451741502100372,0.31987189128453763,fail_open_budget_cap,True,True,True,1.0,0.0,0.0
rule_to_compact,synthetic_route_pressure,1e-06,0.2951985773562537,0.5,25.24314842177375,23.296018515962,7.451741502100372,0.31987189128453763,fail_closed_no_admission,True,True,True,1.0,0.0,0.0
rule_to_compact,synthetic_route_pressure,1e-06,0.2951985773562537,0.5,25.24314842177375,23.296018515962,7.451741502100372,0.31987189128453763,fail_closed_defer_reject,True,True,True,1.0,0.0,0.0
rule_to_compact,synthetic_route_pressure,1e-06,0.2951985773562537,1.0,50.4862968435475,23.296018515962,14.903483004200744,0.6397437825690753,fail_open_budget_cap,True,True,True,1.0,0.0,0.0
rule_to_compact,synthetic_route_pressure,1e-06,0.2951985773562537,1.0,50.4862968435475,23.296018515962,14.903483004200744,0.6397437825690753,fail_closed_no_admission,True,True,True,1.0,0.0,0.0
rule_to_compact,synthetic_route_pressure,1e-06,0.2951985773562537,1.0,50.4862968435475,23.296018515962,14.903483004200744,0.6397437825690753,fail_closed_defer_reject,True,True,True,1.0,0.0,0.0
rule_to_compact,synthetic_route_pressure,1e-06,0.2951985773562537,1.25,63.107871054434376,23.296018515962,18.629353755250932,0.7996797282113441,fail_open_budget_cap,True,True,True,1.0,0.0,0.0
rule_to_compact,synthetic_route_pressure,1e-06,0.2951985773562537,1.25,63.107871054434376,23.296018515962,18.629353755250932,0.7996797282113441,fail_closed_no_admission,True,True,True,1.0,0.0,0.0
rule_to_compact,synthetic_route_pressure,1e-06,0.2951985773562537,1.25,63.107871054434376,23.296018515962,18.629353755250932,0.7996797282113441,fail_closed_defer_reject,True,True,True,1.0,0.0,0.0
rule_to_compact,synthetic_route_pressure,1e-06,0.2951985773562537,1.5,75.72944526532125,23.296018515962,22.355224506301116,0.9596156738536128,fail_open_budget_cap,True,True,True,1.0,0.0,0.0
rule_to_compact,synthetic_route_pressure,1e-06,0.2951985773562537,1.5,75.72944526532125,23.296018515962,22.355224506301116,0.9596156738536128,fail_closed_no_admission,True,True,True,1.0,0.0,0.0
rule_to_compact,synthetic_route_pressure,1e-06,0.2951985773562537,1.5,75.72944526532125,23.296018515962,22.355224506301116,0.9596156738536128,fail_closed_defer_reject,True,True,True,1.0,0.0,0.0
rule_to_compact,synthetic_route_pressure,1e-06,0.2951985773562537,2.0,100.972593687095,23.296018515962,29.80696600840149,1.2794875651381505,fail_open_budget_cap,True,True,False,1.0,0.0,0.06448232391272754
rule_to_compact,synthetic_route_pressure,1e-06,0.2951985773562537,2.0,100.972593687095,23.296018515962,29.80696600840149,1.2794875651381505,fail_closed_no_admission,False,False,True,1.0,0.0,0.0
rule_to_compact,synthetic_route_pressure,1e-06,0.2951985773562537,2.0,100.972593687095,23.296018515962,29.80696600840149,1.0,fail_closed_defer_reject,True,True,True,0.9355176760872724,0.06448232391272754,0.0
rule_to_compact,synthetic_route_pressure,0.0001,0.2951985773562537,0.5,25.24314842177375,23.296018515962,7.451741502100372,0.31987189128453763,fail_open_budget_cap,True,True,True,1.0,0.0,0.0
rule_to_compact,synthetic_route_pressure,0.0001,0.2951985773562537,0.5,25.24314842177375,23.296018515962,7.451741502100372,0.31987189128453763,fail_closed_no_admission,True,True,True,1.0,0.0,0.0
rule_to_compact,synthetic_route_pressure,0.0001,0.2951985773562537,0.5,25.24314842177375,23.296018515962,7.451741502100372,0.31987189128453763,fail_closed_defer_reject,True,True,True,1.0,0.0,0.0
rule_to_compact,synthetic_route_pressure,0.0001,0.2951985773562537,1.0,50.4862968435475,23.296018515962,14.903483004200744,0.6397437825690753,fail_open_budget_cap,True,True,True,1.0,0.0,0.0
rule_to_compact,synthetic_route_pressure,0.0001,0.2951985773562537,1.0,50.4862968435475,23.296018515962,14.903483004200744,0.6397437825690753,fail_closed_no_admission,True,True,True,1.0,0.0,0.0
rule_to_compact,synthetic_route_pressure,0.0001,0.2951985773562537,1.0,50.4862968435475,23.296018515962,14.903483004200744,0.6397437825690753,fail_closed_defer_reject,True,True,True,1.0,0.0,0.0
rule_to_compact,synthetic_route_pressure,0.0001,0.2951985773562537,1.25,63.107871054434376,23.296018515962,18.629353755250932,0.7996797282113441,fail_open_budget_cap,True,True,True,1.0,0.0,0.0
rule_to_compact,synthetic_route_pressure,0.0001,0.2951985773562537,1.25,63.107871054434376,23.296018515962,18.629353755250932,0.7996797282113441,fail_closed_no_admission,True,True,True,1.0,0.0,0.0
rule_to_compact,synthetic_route_pressure,0.0001,0.2951985773562537,1.25,63.107871054434376,23.296018515962,18.629353755250932,0.7996797282113441,fail_closed_defer_reject,True,True,True,1.0,0.0,0.0
rule_to_compact,synthetic_route_pressure,0.0001,0.2951985773562537,1.5,75.72944526532125,23.296018515962,22.355224506301116,0.9596156738536128,fail_open_budget_cap,True,True,True,1.0,0.0,0.0
rule_to_compact,synthetic_route_pressure,0.0001,0.2951985773562537,1.5,75.72944526532125,23.296018515962,22.355224506301116,0.9596156738536128,fail_closed_no_admission,True,True,True,1.0,0.0,0.0
rule_to_compact,synthetic_route_pressure,0.0001,0.2951985773562537,1.5,75.72944526532125,23.296018515962,22.355224506301116,0.9596156738536128,fail_closed_defer_reject,True,True,True,1.0,0.0,0.0
rule_to_compact,synthetic_route_pressure,0.0001,0.2951985773562537,2.0,100.972593687095,23.296018515962,29.80696600840149,1.2794875651381505,fail_open_budget_cap,True,True,False,1.0,0.0,0.06448232391272754
rule_to_compact,synthetic_route_pressure,0.0001,0.2951985773562537,2.0,100.972593687095,23.296018515962,29.80696600840149,1.2794875651381505,fail_closed_no_admission,False,False,True,1.0,0.0,0.0
rule_to_compact,synthetic_route_pressure,0.0001,0.2951985773562537,2.0,100.972593687095,23.296018515962,29.80696600840149,1.0,fail_closed_defer_reject,True,True,True,0.9355176760872724,0.06448232391272754,0.0
rule_to_compact,synthetic_route_pressure,0.001,0.2951985773562537,0.5,25.24314842177375,23.296018515962,7.451741502100372,0.31987189128453763,fail_open_budget_cap,True,True,True,1.0,0.0,0.0
rule_to_compact,synthetic_route_pressure,0.001,0.2951985773562537,0.5,25.24314842177375,23.296018515962,7.451741502100372,0.31987189128453763,fail_closed_no_admission,True,True,True,1.0,0.0,0.0
rule_to_compact,synthetic_route_pressure,0.001,0.2951985773562537,0.5,25.24314842177375,23.296018515962,7.451741502100372,0.31987189128453763,fail_closed_defer_reject,True,True,True,1.0,0.0,0.0
rule_to_compact,synthetic_route_pressure,0.001,0.2951985773562537,1.0,50.4862968435475,23.296018515962,14.903483004200744,0.6397437825690753,fail_open_budget_cap,True,True,True,1.0,0.0,0.0
rule_to_compact,synthetic_route_pressure,0.001,0.2951985773562537,1.0,50.4862968435475,23.296018515962,14.903483004200744,0.6397437825690753,fail_closed_no_admission,True,True,True,1.0,0.0,0.0
rule_to_compact,synthetic_route_pressure,0.001,0.2951985773562537,1.0,50.4862968435475,23.296018515962,14.903483004200744,0.6397437825690753,fail_closed_defer_reject,True,True,True,1.0,0.0,0.0
rule_to_compact,synthetic_route_pressure,0.001,0.2951985773562537,1.25,63.107871054434376,23.296018515962,18.629353755250932,0.7996797282113441,fail_open_budget_cap,True,True,True,1.0,0.0,0.0
rule_to_compact,synthetic_route_pressure,0.001,0.2951985773562537,1.25,63.107871054434376,23.296018515962,18.629353755250932,0.7996797282113441,fail_closed_no_admission,True,True,True,1.0,0.0,0.0
rule_to_compact,synthetic_route_pressure,0.001,0.2951985773562537,1.25,63.107871054434376,23.296018515962,18.629353755250932,0.7996797282113441,fail_closed_defer_reject,True,True,True,1.0,0.0,0.0
rule_to_compact,synthetic_route_pressure,0.001,0.2951985773562537,1.5,75.72944526532125,23.296018515962,22.355224506301116,0.9596156738536128,fail_open_budget_cap,True,True,True,1.0,0.0,0.0
rule_to_compact,synthetic_route_pressure,0.001,0.2951985773562537,1.5,75.72944526532125,23.296018515962,22.355224506301116,0.9596156738536128,fail_closed_no_admission,True,True,True,1.0,0.0,0.0
rule_to_compact,synthetic_route_pressure,0.001,0.2951985773562537,1.5,75.72944526532125,23.296018515962,22.355224506301116,0.9596156738536128,fail_closed_defer_reject,True,True,True,1.0,0.0,0.0
rule_to_compact,synthetic_route_pressure,0.001,0.2951985773562537,2.0,100.972593687095,23.296018515962,29.80696600840149,1.2794875651381505,fail_open_budget_cap,True,True,False,1.0,0.0,0.06448232391272754
rule_to_compact,synthetic_route_pressure,0.001,0.2951985773562537,2.0,100.972593687095,23.296018515962,29.80696600840149,1.2794875651381505,fail_closed_no_admission,False,False,True,1.0,0.0,0.0
rule_to_compact,synthetic_route_pressure,0.001,0.2951985773562537,2.0,100.972593687095,23.296018515962,29.80696600840149,1.0,fail_closed_defer_reject,True,True,True,0.9355176760872724,0.06448232391272754,0.0
rule_to_compact,synthetic_route_pressure,0.01,0.33550681683461764,0.5,25.24314842177375,23.296018515962,8.469248373873112,0.3635491776446752,fail_open_budget_cap,True,True,True,1.0,0.0,0.0
rule_to_compact,synthetic_route_pressure,0.01,0.33550681683461764,0.5,25.24314842177375,23.296018515962,8.469248373873112,0.3635491776446752,fail_closed_no_admission,True,True,True,1.0,0.0,0.0
rule_to_compact,synthetic_route_pressure,0.01,0.33550681683461764,0.5,25.24314842177375,23.296018515962,8.469248373873112,0.3635491776446752,fail_closed_defer_reject,True,True,True,1.0,0.0,0.0
rule_to_compact,synthetic_route_pressure,0.01,0.33550681683461764,1.0,50.4862968435475,23.296018515962,16.938496747746225,0.7270983552893504,fail_open_budget_cap,True,True,True,1.0,0.0,0.0
rule_to_compact,synthetic_route_pressure,0.01,0.33550681683461764,1.0,50.4862968435475,23.296018515962,16.938496747746225,0.7270983552893504,fail_closed_no_admission,True,True,True,1.0,0.0,0.0
rule_to_compact,synthetic_route_pressure,0.01,0.33550681683461764,1.0,50.4862968435475,23.296018515962,16.938496747746225,0.7270983552893504,fail_closed_defer_reject,True,True,True,1.0,0.0,0.0
rule_to_compact,synthetic_route_pressure,0.01,0.33550681683461764,1.25,63.107871054434376,23.296018515962,21.173120934682782,0.9088729441116881,fail_open_budget_cap,True,True,True,1.0,0.0,0.0
rule_to_compact,synthetic_route_pressure,0.01,0.33550681683461764,1.25,63.107871054434376,23.296018515962,21.173120934682782,0.9088729441116881,fail_closed_no_admission,True,True,True,1.0,0.0,0.0
rule_to_compact,synthetic_route_pressure,0.01,0.33550681683461764,1.25,63.107871054434376,23.296018515962,21.173120934682782,0.9088729441116881,fail_closed_defer_reject,True,True,True,1.0,0.0,0.0
rule_to_compact,synthetic_route_pressure,0.01,0.33550681683461764,1.5,75.72944526532125,23.296018515962,25.40774512161934,1.0906475329340257,fail_open_budget_cap,True,True,False,1.0,0.0,0.027885145576582754
rule_to_compact,synthetic_route_pressure,0.01,0.33550681683461764,1.5,75.72944526532125,23.296018515962,25.40774512161934,1.0906475329340257,fail_closed_no_admission,False,False,True,1.0,0.0,0.0
rule_to_compact,synthetic_route_pressure,0.01,0.33550681683461764,1.5,75.72944526532125,23.296018515962,25.40774512161934,1.0,fail_closed_defer_reject,True,True,True,0.9721148544234173,0.027885145576582754,0.0
rule_to_compact,synthetic_route_pressure,0.01,0.33550681683461764,2.0,100.972593687095,23.296018515962,33.87699349549245,1.4541967105787008,fail_open_budget_cap,True,True,False,1.0,0.0,0.10479056339109145
rule_to_compact,synthetic_route_pressure,0.01,0.33550681683461764,2.0,100.972593687095,23.296018515962,33.87699349549245,1.4541967105787008,fail_closed_no_admission,False,False,True,1.0,0.0,0.0
rule_to_compact,synthetic_route_pressure,0.01,0.33550681683461764,2.0,100.972593687095,23.296018515962,33.87699349549245,1.0,fail_closed_defer_reject,True,True,True,0.8952094366089085,0.10479056339109145,0.0
rule_to_compact,synthetic_route_pressure,0.05,1.0,0.5,25.24314842177375,23.296018515962,25.24314842177375,1.0835820895522388,fail_open_budget_cap,True,True,False,1.0,0.0,0.07713498622589532
rule_to_compact,synthetic_route_pressure,0.05,1.0,0.5,25.24314842177375,23.296018515962,25.24314842177375,1.0835820895522388,fail_closed_no_admission,False,False,True,1.0,0.0,0.0
rule_to_compact,synthetic_route_pressure,0.05,1.0,0.5,25.24314842177375,23.296018515962,25.24314842177375,1.0,fail_closed_defer_reject,True,True,True,0.9228650137741047,0.07713498622589532,0.0
rule_to_compact,synthetic_route_pressure,0.05,1.0,1.0,50.4862968435475,23.296018515962,50.4862968435475,2.1671641791044776,fail_open_budget_cap,True,True,False,1.0,0.0,0.5385674931129477
rule_to_compact,synthetic_route_pressure,0.05,1.0,1.0,50.4862968435475,23.296018515962,50.4862968435475,2.1671641791044776,fail_closed_no_admission,False,False,True,1.0,0.0,0.0
rule_to_compact,synthetic_route_pressure,0.05,1.0,1.0,50.4862968435475,23.296018515962,50.4862968435475,1.0,fail_closed_defer_reject,True,True,True,0.4614325068870523,0.5385674931129477,0.0
rule_to_compact,synthetic_route_pressure,0.05,1.0,1.25,63.107871054434376,23.296018515962,63.107871054434376,2.708955223880597,fail_open_budget_cap,True,True,False,1.0,0.0,0.6308539944903582
rule_to_compact,synthetic_route_pressure,0.05,1.0,1.25,63.107871054434376,23.296018515962,63.107871054434376,2.708955223880597,fail_closed_no_admission,False,False,True,1.0,0.0,0.0
rule_to_compact,synthetic_route_pressure,0.05,1.0,1.25,63.107871054434376,23.296018515962,63.107871054434376,1.0,fail_closed_defer_reject,True,True,True,0.36914600550964183,0.6308539944903582,0.0
rule_to_compact,synthetic_route_pressure,0.05,1.0,1.5,75.72944526532125,23.296018515962,75.72944526532125,3.2507462686567163,fail_open_budget_cap,True,True,False,1.0,0.0,0.692378328741965
rule_to_compact,synthetic_route_pressure,0.05,1.0,1.5,75.72944526532125,23.296018515962,75.72944526532125,3.2507462686567163,fail_closed_no_admission,False,False,True,1.0,0.0,0.0
rule_to_compact,synthetic_route_pressure,0.05,1.0,1.5,75.72944526532125,23.296018515962,75.72944526532125,1.0,fail_closed_defer_reject,True,True,True,0.30762167125803497,0.692378328741965,0.0
rule_to_compact,synthetic_route_pressure,0.05,1.0,2.0,100.972593687095,23.296018515962,100.972593687095,4.334328358208955,fail_open_budget_cap,True,True,False,1.0,0.0,0.7692837465564738
rule_to_compact,synthetic_route_pressure,0.05,1.0,2.0,100.972593687095,23.296018515962,100.972593687095,4.334328358208955,fail_closed_no_admission,False,False,True,1.0,0.0,0.0
rule_to_compact,synthetic_route_pressure,0.05,1.0,2.0,100.972593687095,23.296018515962,100.972593687095,1.0,fail_closed_defer_reject,True,True,True,0.2307162534435262,0.7692837465564738,0.0
rule_to_compact,synthetic_route_pressure,0.1,1.0,0.5,25.24314842177375,23.296018515962,25.24314842177375,1.0835820895522388,fail_open_budget_cap,True,True,False,1.0,0.0,0.07713498622589532
rule_to_compact,synthetic_route_pressure,0.1,1.0,0.5,25.24314842177375,23.296018515962,25.24314842177375,1.0835820895522388,fail_closed_no_admission,False,False,True,1.0,0.0,0.0
rule_to_compact,synthetic_route_pressure,0.1,1.0,0.5,25.24314842177375,23.296018515962,25.24314842177375,1.0,fail_closed_defer_reject,True,True,True,0.9228650137741047,0.07713498622589532,0.0
rule_to_compact,synthetic_route_pressure,0.1,1.0,1.0,50.4862968435475,23.296018515962,50.4862968435475,2.1671641791044776,fail_open_budget_cap,True,True,False,1.0,0.0,0.5385674931129477
rule_to_compact,synthetic_route_pressure,0.1,1.0,1.0,50.4862968435475,23.296018515962,50.4862968435475,2.1671641791044776,fail_closed_no_admission,False,False,True,1.0,0.0,0.0
rule_to_compact,synthetic_route_pressure,0.1,1.0,1.0,50.4862968435475,23.296018515962,50.4862968435475,1.0,fail_closed_defer_reject,True,True,True,0.4614325068870523,0.5385674931129477,0.0
rule_to_compact,synthetic_route_pressure,0.1,1.0,1.25,63.107871054434376,23.296018515962,63.107871054434376,2.708955223880597,fail_open_budget_cap,True,True,False,1.0,0.0,0.6308539944903582
rule_to_compact,synthetic_route_pressure,0.1,1.0,1.25,63.107871054434376,23.296018515962,63.107871054434376,2.708955223880597,fail_closed_no_admission,False,False,True,1.0,0.0,0.0
rule_to_compact,synthetic_route_pressure,0.1,1.0,1.25,63.107871054434376,23.296018515962,63.107871054434376,1.0,fail_closed_defer_reject,True,True,True,0.36914600550964183,0.6308539944903582,0.0
rule_to_compact,synthetic_route_pressure,0.1,1.0,1.5,75.72944526532125,23.296018515962,75.72944526532125,3.2507462686567163,fail_open_budget_cap,True,True,False,1.0,0.0,0.692378328741965
rule_to_compact,synthetic_route_pressure,0.1,1.0,1.5,75.72944526532125,23.296018515962,75.72944526532125,3.2507462686567163,fail_closed_no_admission,False,False,True,1.0,0.0,0.0
rule_to_compact,synthetic_route_pressure,0.1,1.0,1.5,75.72944526532125,23.296018515962,75.72944526532125,1.0,fail_closed_defer_reject,True,True,True,0.30762167125803497,0.692378328741965,0.0
rule_to_compact,synthetic_route_pressure,0.1,1.0,2.0,100.972593687095,23.296018515962,100.972593687095,4.334328358208955,fail_open_budget_cap,True,True,False,1.0,0.0,0.7692837465564738
rule_to_compact,synthetic_route_pressure,0.1,1.0,2.0,100.972593687095,23.296018515962,100.972593687095,4.334328358208955,fail_closed_no_admission,False,False,True,1.0,0.0,0.0
rule_to_compact,synthetic_route_pressure,0.1,1.0,2.0,100.972593687095,23.296018515962,100.972593687095,1.0,fail_closed_defer_reject,True,True,True,0.2307162534435262,0.7692837465564738,0.0
rule_to_compact,synthetic_route_pressure,0.25,1.0,0.5,25.24314842177375,23.296018515962,25.24314842177375,1.0835820895522388,fail_open_budget_cap,True,True,False,1.0,0.0,0.07713498622589532
rule_to_compact,synthetic_route_pressure,0.25,1.0,0.5,25.24314842177375,23.296018515962,25.24314842177375,1.0835820895522388,fail_closed_no_admission,False,False,True,1.0,0.0,0.0
rule_to_compact,synthetic_route_pressure,0.25,1.0,0.5,25.24314842177375,23.296018515962,25.24314842177375,1.0,fail_closed_defer_reject,True,True,True,0.9228650137741047,0.07713498622589532,0.0
rule_to_compact,synthetic_route_pressure,0.25,1.0,1.0,50.4862968435475,23.296018515962,50.4862968435475,2.1671641791044776,fail_open_budget_cap,True,True,False,1.0,0.0,0.5385674931129477
rule_to_compact,synthetic_route_pressure,0.25,1.0,1.0,50.4862968435475,23.296018515962,50.4862968435475,2.1671641791044776,fail_closed_no_admission,False,False,True,1.0,0.0,0.0
rule_to_compact,synthetic_route_pressure,0.25,1.0,1.0,50.4862968435475,23.296018515962,50.4862968435475,1.0,fail_closed_defer_reject,True,True,True,0.4614325068870523,0.5385674931129477,0.0
rule_to_compact,synthetic_route_pressure,0.25,1.0,1.25,63.107871054434376,23.296018515962,63.107871054434376,2.708955223880597,fail_open_budget_cap,True,True,False,1.0,0.0,0.6308539944903582
rule_to_compact,synthetic_route_pressure,0.25,1.0,1.25,63.107871054434376,23.296018515962,63.107871054434376,2.708955223880597,fail_closed_no_admission,False,False,True,1.0,0.0,0.0
rule_to_compact,synthetic_route_pressure,0.25,1.0,1.25,63.107871054434376,23.296018515962,63.107871054434376,1.0,fail_closed_defer_reject,True,True,True,0.36914600550964183,0.6308539944903582,0.0
rule_to_compact,synthetic_route_pressure,0.25,1.0,1.5,75.72944526532125,23.296018515962,75.72944526532125,3.2507462686567163,fail_open_budget_cap,True,True,False,1.0,0.0,0.692378328741965
rule_to_compact,synthetic_route_pressure,0.25,1.0,1.5,75.72944526532125,23.296018515962,75.72944526532125,3.2507462686567163,fail_closed_no_admission,False,False,True,1.0,0.0,0.0
rule_to_compact,synthetic_route_pressure,0.25,1.0,1.5,75.72944526532125,23.296018515962,75.72944526532125,1.0,fail_closed_defer_reject,True,True,True,0.30762167125803497,0.692378328741965,0.0
rule_to_compact,synthetic_route_pressure,0.25,1.0,2.0,100.972593687095,23.296018515962,100.972593687095,4.334328358208955,fail_open_budget_cap,True,True,False,1.0,0.0,0.7692837465564738
rule_to_compact,synthetic_route_pressure,0.25,1.0,2.0,100.972593687095,23.296018515962,100.972593687095,4.334328358208955,fail_closed_no_admission,False,False,True,1.0,0.0,0.0
rule_to_compact,synthetic_route_pressure,0.25,1.0,2.0,100.972593687095,23.296018515962,100.972593687095,1.0,fail_closed_defer_reject,True,True,True,0.2307162534435262,0.7692837465564738,0.0
rule_to_compact,worst_case_all_escalate,,1.0,0.5,25.24314842177375,23.296018515962,25.24314842177375,1.0835820895522388,fail_open_budget_cap,True,True,False,1.0,0.0,0.07713498622589532
rule_to_compact,worst_case_all_escalate,,1.0,0.5,25.24314842177375,23.296018515962,25.24314842177375,1.0835820895522388,fail_closed_no_admission,False,False,True,1.0,0.0,0.0
rule_to_compact,worst_case_all_escalate,,1.0,0.5,25.24314842177375,23.296018515962,25.24314842177375,1.0,fail_closed_defer_reject,True,True,True,0.9228650137741047,0.07713498622589532,0.0
rule_to_compact,worst_case_all_escalate,,1.0,1.0,50.4862968435475,23.296018515962,50.4862968435475,2.1671641791044776,fail_open_budget_cap,True,True,False,1.0,0.0,0.5385674931129477
rule_to_compact,worst_case_all_escalate,,1.0,1.0,50.4862968435475,23.296018515962,50.4862968435475,2.1671641791044776,fail_closed_no_admission,False,False,True,1.0,0.0,0.0
rule_to_compact,worst_case_all_escalate,,1.0,1.0,50.4862968435475,23.296018515962,50.4862968435475,1.0,fail_closed_defer_reject,True,True,True,0.4614325068870523,0.5385674931129477,0.0
rule_to_compact,worst_case_all_escalate,,1.0,1.25,63.107871054434376,23.296018515962,63.107871054434376,2.708955223880597,fail_open_budget_cap,True,True,False,1.0,0.0,0.6308539944903582
rule_to_compact,worst_case_all_escalate,,1.0,1.25,63.107871054434376,23.296018515962,63.107871054434376,2.708955223880597,fail_closed_no_admission,False,False,True,1.0,0.0,0.0
rule_to_compact,worst_case_all_escalate,,1.0,1.25,63.107871054434376,23.296018515962,63.107871054434376,1.0,fail_closed_defer_reject,True,True,True,0.36914600550964183,0.6308539944903582,0.0
rule_to_compact,worst_case_all_escalate,,1.0,1.5,75.72944526532125,23.296018515962,75.72944526532125,3.2507462686567163,fail_open_budget_cap,True,True,False,1.0,0.0,0.692378328741965
rule_to_compact,worst_case_all_escalate,,1.0,1.5,75.72944526532125,23.296018515962,75.72944526532125,3.2507462686567163,fail_closed_no_admission,False,False,True,1.0,0.0,0.0
rule_to_compact,worst_case_all_escalate,,1.0,1.5,75.72944526532125,23.296018515962,75.72944526532125,1.0,fail_closed_defer_reject,True,True,True,0.30762167125803497,0.692378328741965,0.0
rule_to_compact,worst_case_all_escalate,,1.0,2.0,100.972593687095,23.296018515962,100.972593687095,4.334328358208955,fail_open_budget_cap,True,True,False,1.0,0.0,0.7692837465564738
rule_to_compact,worst_case_all_escalate,,1.0,2.0,100.972593687095,23.296018515962,100.972593687095,4.334328358208955,fail_closed_no_admission,False,False,True,1.0,0.0,0.0
rule_to_compact,worst_case_all_escalate,,1.0,2.0,100.972593687095,23.296018515962,100.972593687095,1.0,fail_closed_defer_reject,True,True,True,0.2307162534435262,0.7692837465564738,0.0
