example_id,outer_fold
jbb-001,0
jbb-002,1
jbb-003,3
jbb-004,0
jbb-006,3
jbb-008,1
jbb-009,0
jbb-010,2
jbb-011,2
jbb-012,0
jbb-013,2
jbb-014,1
jbb-015,2
jbb-016,3
jbb-018,2
jbb-019,3
jbb-020,3
jbb-021,4
jbb-022,4
jbb-023,0
jbb-024,2
jbb-026,1
jbb-027,2
jbb-029,1
jbb-030,1
jbb-031,0
jbb-032,4
jbb-033,3
jbb-034,3
jbb-035,4
jbb-037,4
jbb-039,3
jbb-040,0
jbb-041,3
jbb-042,1
jbb-043,0
jbb-044,3
jbb-045,0
jbb-046,4
jbb-047,4
jbb-048,0
jbb-049,4
jbb-051,0
jbb-052,1
jbb-055,3
jbb-056,4
jbb-058,3
jbb-062,4
jbb-063,3
jbb-064,1
jbb-066,2
jbb-068,4
jbb-069,0
jbb-070,4
jbb-071,0
jbb-072,3
jbb-074,0
jbb-075,4
jbb-076,1
jbb-077,4
jbb-078,2
jbb-079,4
jbb-080,4
jbb-081,3
jbb-082,2
jbb-083,4
jbb-084,3
jbb-085,4
jbb-086,4
jbb-088,4
jbb-089,1
jbb-090,4
jbb-091,1
jbb-092,2
jbb-094,3
jbb-095,1
jbb-096,3
jbb-098,4
jbb-099,1
jbb-150,1
jbb-155,1
jbb-156,2
jbb-157,2
jbb-158,0
jbb-159,3
jbb-160,0
jbb-161,3
jbb-162,3
jbb-164,4
jbb-165,4
jbb-166,2
jbb-168,2
jbb-169,1
jbb-170,1
jbb-171,2
jbb-172,1
jbb-173,4
jbb-174,4
jbb-175,0
jbb-176,3
jbb-177,1
jbb-179,0
jbb-180,0
jbb-181,0
jbb-182,0
jbb-183,1
jbb-184,0
jbb-185,1
jbb-187,3
jbb-188,0
jbb-189,0
jbb-190,1
jbb-191,3
jbb-192,4
jbb-193,4
jbb-194,4
jbb-195,4
jbb-196,4
jbb-197,2
jbb-199,2
wildguard-0000,3
wildguard-0001,0
wildguard-0005,1
wildguard-0007,0
wildguard-0008,4
wildguard-0009,1
wildguard-0010,1
wildguard-0011,3
wildguard-0012,0
wildguard-0013,1
wildguard-0015,1
wildguard-0017,4
wildguard-0020,4
wildguard-0021,2
wildguard-0023,2
wildguard-0025,1
wildguard-0026,4
wildguard-0027,4
wildguard-0028,3
wildguard-0030,2
wildguard-0031,4
wildguard-0033,1
wildguard-0034,2
wildguard-0035,0
wildguard-0036,0
wildguard-0037,3
wildguard-0038,1
wildguard-0040,4
wildguard-0041,1
wildguard-0042,3
wildguard-0043,3
wildguard-0044,0
wildguard-0045,4
wildguard-0046,2
wildguard-0047,2
wildguard-0048,4
wildguard-0049,3
wildguard-0050,2
wildguard-0051,0
wildguard-0052,1
wildguard-0053,4
wildguard-0054,4
wildguard-0055,0
wildguard-0056,0
wildguard-0057,4
wildguard-0058,4
wildguard-0059,2
wildguard-0060,4
wildguard-0061,0
wildguard-0062,1
wildguard-0063,0
wildguard-0064,3
wildguard-0065,4
wildguard-0066,1
wildguard-0067,1
wildguard-0068,4
wildguard-0069,4
wildguard-0070,0
wildguard-0072,2
wildguard-0073,3
wildguard-0076,3
wildguard-0078,1
wildguard-0080,0
wildguard-0082,2
wildguard-0084,4
wildguard-0088,4
wildguard-0090,3
wildguard-0091,0
wildguard-0093,4
wildguard-0096,2
wildguard-0097,1
wildguard-0098,0
wildguard-0099,0
wildguard-0100,1
wildguard-0101,4
wildguard-0102,1
wildguard-0103,2
wildguard-0104,1
wildguard-0105,3
wildguard-0106,1
wildguard-0107,2
wildguard-0108,4
wildguard-0109,3
wildguard-0110,4
wildguard-0111,2
wildguard-0112,0
wildguard-0113,2
wildguard-0114,1
wildguard-0115,2
wildguard-0117,1
wildguard-0119,4
wildguard-0121,3
wildguard-0122,4
wildguard-0123,3
wildguard-0124,3
wildguard-0125,1
wildguard-0126,1
wildguard-0128,3
wildguard-0130,1
wildguard-0133,4
wildguard-0134,0
wildguard-0135,4
wildguard-0136,3
wildguard-0137,3
wildguard-0138,2
wildguard-0140,1
wildguard-0142,1
wildguard-0143,4
wildguard-0145,2
wildguard-0146,2
wildguard-0148,2
wildguard-0149,1
wildguard-0150,0
wildguard-0151,1
wildguard-0153,3
wildguard-0154,0
wildguard-0155,1
wildguard-0156,3
wildguard-0157,2
wildguard-0158,0
wildguard-0159,3
wildguard-0162,2
wildguard-0164,4
wildguard-0165,0
wildguard-0166,3
wildguard-0168,1
wildguard-0169,1
wildguard-0170,3
wildguard-0171,4
wildguard-0172,3
wildguard-0173,2
wildguard-0174,2
wildguard-0178,0
wildguard-0179,2
wildguard-0181,2
wildguard-0182,3
wildguard-0183,2
wildguard-0184,2
wildguard-0185,1
wildguard-0186,3
wildguard-0187,3
wildguard-0188,1
wildguard-0189,3
wildguard-0191,1
wildguard-0192,2
wildguard-0193,1
wildguard-0194,4
wildguard-0195,2
wildguard-0196,3
wildguard-0197,3
wildguard-0199,4
wildguard-0201,3
wildguard-0202,3
wildguard-0203,4
wildguard-0204,1
wildguard-0205,3
wildguard-0206,1
wildguard-0207,4
wildguard-0208,4
wildguard-0209,3
wildguard-0210,3
wildguard-0211,0
wildguard-0213,3
wildguard-0214,3
wildguard-0215,3
wildguard-0216,3
wildguard-0217,0
wildguard-0218,3
wildguard-0219,2
wildguard-0221,1
wildguard-0222,2
wildguard-0223,1
wildguard-0224,2
wildguard-0225,4
wildguard-0227,4
wildguard-0228,2
wildguard-0230,2
wildguard-0231,3
wildguard-0232,2
wildguard-0234,3
wildguard-0236,0
wildguard-0238,4
wildguard-0239,0
wildguard-0240,0
wildguard-0241,3
wildguard-0242,1
wildguard-0244,0
wildguard-0245,2
wildguard-0246,3
wildguard-0248,1
wildguard-0250,0
wildguard-0252,4
wildguard-0254,0
wildguard-0255,3
wildguard-0256,1
wildguard-0257,2
wildguard-0258,4
wildguard-0259,2
wildguard-0260,0
wildguard-0261,0
wildguard-0263,3
wildguard-0265,1
wildguard-0266,2
wildguard-0268,2
wildguard-0269,4
wildguard-0270,2
wildguard-0271,2
wildguard-0272,1
wildguard-0273,0
wildguard-0274,1
wildguard-0275,3
wildguard-0277,3
wildguard-0278,4
wildguard-0280,0
wildguard-0281,4
wildguard-0282,0
wildguard-0284,0
wildguard-0285,3
wildguard-0286,2
wildguard-0287,2
wildguard-0288,1
wildguard-0290,4
wildguard-0292,3
wildguard-0293,3
wildguard-0294,3
wildguard-0295,1
wildguard-0296,1
wildguard-0297,1
wildguard-0298,4
wildguard-0300,1
wildguard-0301,1
wildguard-0302,4
wildguard-0303,4
wildguard-0304,4
wildguard-0305,4
wildguard-0306,0
wildguard-0307,0
wildguard-0308,1
wildguard-0309,0
wildguard-0310,3
wildguard-0311,1
wildguard-0312,0
wildguard-0313,3
wildguard-0315,2
wildguard-0316,4
wildguard-0317,4
wildguard-0318,2
wildguard-0319,2
wildguard-0320,4
wildguard-0321,2
wildguard-0322,0
wildguard-0323,3
wildguard-0324,1
wildguard-0326,2
wildguard-0327,3
wildguard-0328,1
wildguard-0330,4
wildguard-0331,2
wildguard-0332,0
wildguard-0333,0
wildguard-0334,1
wildguard-0335,0
wildguard-0336,2
wildguard-0337,4
wildguard-0339,2
wildguard-0340,0
wildguard-0341,2
wildguard-0342,4
wildguard-0343,1
wildguard-0344,2
wildguard-0345,4
wildguard-0347,2
wildguard-0348,4
wildguard-0349,3
wildguard-0351,4
wildguard-0353,2
wildguard-0355,1
wildguard-0356,1
wildguard-0357,3
wildguard-0358,0
wildguard-0359,1
wildguard-0360,4
wildguard-0361,0
wildguard-0362,3
wildguard-0363,4
wildguard-0364,0
wildguard-0366,0
wildguard-0368,4
wildguard-0369,1
wildguard-0370,4
wildguard-0372,4
wildguard-0373,4
wildguard-0375,0
wildguard-0376,0
wildguard-0377,1
wildguard-0381,3
wildguard-0382,4
wildguard-0383,3
wildguard-0384,2
wildguard-0385,1
wildguard-0386,0
wildguard-0387,3
wildguard-0388,4
wildguard-0390,2
wildguard-0391,4
wildguard-0392,0
wildguard-0393,4
wildguard-0394,0
wildguard-0395,1
wildguard-0396,1
wildguard-0397,0
wildguard-0398,2
wildguard-0399,3
wildguard-0400,0
wildguard-0401,1
wildguard-0403,1
wildguard-0404,2
wildguard-0406,4
wildguard-0407,0
wildguard-0408,0
wildguard-0409,3
wildguard-0410,2
wildguard-0412,2
wildguard-0413,1
wildguard-0414,4
wildguard-0415,3
wildguard-0416,1
wildguard-0417,2
wildguard-0418,1
wildguard-0420,1
wildguard-0421,3
wildguard-0422,3
wildguard-0423,1
wildguard-0424,2
wildguard-0426,4
wildguard-0427,0
wildguard-0428,1
wildguard-0429,3
wildguard-0430,3
wildguard-0431,3
wildguard-0432,0
wildguard-0434,3
wildguard-0435,4
wildguard-0437,3
wildguard-0438,4
wildguard-0439,4
wildguard-0442,0
wildguard-0443,2
wildguard-0444,0
wildguard-0445,4
wildguard-0446,4
wildguard-0447,0
wildguard-0448,0
wildguard-0450,4
wildguard-0451,3
wildguard-0452,3
wildguard-0454,3
wildguard-0455,0
wildguard-0456,1
wildguard-0458,3
wildguard-0459,2
wildguard-0460,1
wildguard-0461,1
wildguard-0462,3
wildguard-0463,4
wildguard-0465,4
wildguard-0466,0
wildguard-0467,2
wildguard-0468,1
wildguard-0469,3
wildguard-0470,1
wildguard-0471,3
wildguard-0472,2
wildguard-0473,1
wildguard-0474,1
wildguard-0476,4
wildguard-0477,2
wildguard-0478,4
wildguard-0479,2
wildguard-0480,2
wildguard-0481,4
wildguard-0482,0
wildguard-0483,2
wildguard-0485,2
wildguard-0487,4
wildguard-0488,4
wildguard-0489,3
wildguard-0490,2
wildguard-0491,4
wildguard-0492,0
wildguard-0493,3
wildguard-0495,3
wildguard-0497,1
wildguard-0498,0
wildguard-0499,3
wildguard-0500,1
wildguard-0501,2
wildguard-0502,1
wildguard-0503,0
wildguard-0505,3
wildguard-0506,3
wildguard-0507,2
wildguard-0508,1
wildguard-0509,0
wildguard-0511,4
wildguard-0513,1
wildguard-0514,2
wildguard-0515,2
wildguard-0519,1
wildguard-0520,0
wildguard-0522,4
wildguard-0523,3
wildguard-0524,1
wildguard-0525,1
wildguard-0526,3
wildguard-0530,0
wildguard-0531,3
wildguard-0532,0
wildguard-0533,1
wildguard-0534,0
wildguard-0535,2
wildguard-0536,0
wildguard-0540,4
wildguard-0541,3
wildguard-0543,3
wildguard-0544,4
wildguard-0545,2
wildguard-0546,1
wildguard-0547,2
wildguard-0548,1
wildguard-0549,0
wildguard-0550,2
wildguard-0551,3
wildguard-0552,2
wildguard-0553,1
wildguard-0554,4
wildguard-0555,2
wildguard-0556,4
wildguard-0557,0
wildguard-0558,1
wildguard-0560,3
wildguard-0561,4
wildguard-0562,2
wildguard-0563,0
wildguard-0564,3
wildguard-0566,0
wildguard-0568,3
wildguard-0569,2
wildguard-0571,4
wildguard-0572,4
wildguard-0573,3
wildguard-0574,4
wildguard-0575,3
wildguard-0576,2
wildguard-0577,4
wildguard-0578,1
wildguard-0579,4
wildguard-0580,0
wildguard-0581,4
wildguard-0585,0
wildguard-0586,2
wildguard-0587,4
wildguard-0588,4
wildguard-0589,0
wildguard-0590,1
wildguard-0591,3
wildguard-0592,1
wildguard-0593,0
wildguard-0594,0
wildguard-0595,2
wildguard-0596,4
wildguard-0597,3
wildguard-0598,4
wildguard-0599,2
wildguard-0600,2
wildguard-0601,1
wildguard-0602,0
wildguard-0603,4
wildguard-0607,3
wildguard-0608,2
wildguard-0609,2
wildguard-0610,3
wildguard-0611,0
wildguard-0612,2
wildguard-0614,1
wildguard-0616,4
wildguard-0618,4
wildguard-0619,1
wildguard-0621,2
wildguard-0624,4
wildguard-0625,4
wildguard-0626,2
wildguard-0627,2
wildguard-0628,3
wildguard-0629,2
wildguard-0631,2
wildguard-0632,0
wildguard-0634,2
wildguard-0636,2
wildguard-0637,0
wildguard-0638,4
wildguard-0640,1
wildguard-0641,2
wildguard-0643,4
wildguard-0644,4
wildguard-0645,1
wildguard-0647,0
wildguard-0648,0
wildguard-0649,1
wildguard-0651,4
wildguard-0652,3
wildguard-0653,1
wildguard-0654,0
wildguard-0655,3
wildguard-0657,4
wildguard-0660,0
wildguard-0661,4
wildguard-0663,0
wildguard-0664,1
wildguard-0665,4
wildguard-0666,2
wildguard-0667,2
wildguard-0668,2
wildguard-0670,2
wildguard-0671,4
wildguard-0674,0
wildguard-0675,2
wildguard-0676,4
wildguard-0677,0
wildguard-0680,3
wildguard-0681,0
wildguard-0682,0
wildguard-0684,1
wildguard-0685,0
wildguard-0687,1
wildguard-0688,3
wildguard-0690,2
wildguard-0692,1
wildguard-0693,0
wildguard-0694,1
wildguard-0695,3
wildguard-0698,3
wildguard-0699,1
wildguard-0700,0
wildguard-0701,1
wildguard-0702,3
wildguard-0703,3
wildguard-0704,3
wildguard-0705,3
wildguard-0707,4
wildguard-0708,3
wildguard-0709,0
wildguard-0710,3
wildguard-0712,4
wildguard-0714,2
wildguard-0715,3
wildguard-0716,4
wildguard-0717,4
wildguard-0719,3
wildguard-0720,4
wildguard-0724,1
wildguard-0725,4
wildguard-0728,4
wildguard-0729,1
wildguard-0731,3
wildguard-0732,1
wildguard-0733,1
wildguard-0734,1
wildguard-0736,0
wildguard-0737,3
wildguard-0738,3
wildguard-0739,3
wildguard-0740,3
wildguard-0741,4
wildguard-0742,3
wildguard-0743,0
wildguard-0745,4
wildguard-0746,1
wildguard-0748,2
wildguard-0749,3
wildguard-0750,2
wildguard-0752,4
wildguard-0753,0
wildguard-0754,1
wildguard-0755,3
wildguard-0756,1
wildguard-0757,0
wildguard-0759,1
wildguard-0760,1
wildguard-0761,1
wildguard-0762,1
wildguard-0763,1
wildguard-0765,4
wildguard-0766,2
wildguard-0767,2
wildguard-0768,1
wildguard-0769,2
wildguard-0772,0
wildguard-0773,4
wildguard-0774,3
wildguard-0775,3
wildguard-0776,0
wildguard-0778,4
wildguard-0779,4
wildguard-0781,0
wildguard-0782,4
wildguard-0784,4
wildguard-0785,2
wildguard-0786,3
wildguard-0787,4
wildguard-0789,2
wildguard-0790,0
wildguard-0791,4
wildguard-0792,0
wildguard-0793,3
wildguard-0794,4
wildguard-0795,0
wildguard-0798,1
wildguard-0799,2
wildguard-0802,2
wildguard-0803,2
wildguard-0804,1
wildguard-0807,4
wildguard-0808,4
wildguard-0809,1
wildguard-0810,1
wildguard-0812,1
wildguard-0813,1
wildguard-0814,3
wildguard-0815,0
wildguard-0816,2
wildguard-0817,3
wildguard-0818,1
wildguard-0819,1
wildguard-0821,0
wildguard-0822,4
wildguard-0823,3
wildguard-0825,3
wildguard-0826,4
wildguard-0828,0
wildguard-0829,1
wildguard-0831,1
wildguard-0832,3
wildguard-0833,0
wildguard-0834,1
wildguard-0835,2
wildguard-0836,3
wildguard-0837,3
wildguard-0838,0
wildguard-0839,0
wildguard-0842,0
wildguard-0843,4
wildguard-0844,0
wildguard-0846,0
wildguard-0847,0
wildguard-0848,1
wildguard-0849,2
wildguard-0850,1
wildguard-0851,2
wildguard-0853,1
wildguard-0854,1
wildguard-0855,0
wildguard-0856,1
wildguard-0857,2
wildguard-0858,3
wildguard-0859,1
wildguard-0860,2
wildguard-0861,1
wildguard-0862,1
wildguard-0863,3
wildguard-0864,1
wildguard-0868,3
wildguard-0870,3
wildguard-0871,3
wildguard-0873,0
wildguard-0874,1
wildguard-0876,1
wildguard-0877,3
wildguard-0879,1
wildguard-0880,4
wildguard-0881,3
wildguard-0883,1
wildguard-0884,0
wildguard-0885,0
wildguard-0886,1
wildguard-0887,4
wildguard-0888,2
wildguard-0892,3
wildguard-0893,3
wildguard-0894,2
wildguard-0895,0
wildguard-0896,2
wildguard-0897,0
wildguard-0899,0
wildguard-0900,0
wildguard-0901,4
wildguard-0902,2
wildguard-0903,1
wildguard-0904,1
wildguard-0907,1
wildguard-0908,1
wildguard-0909,1
wildguard-0910,3
wildguard-0911,1
wildguard-0913,4
wildguard-0914,4
wildguard-0915,3
wildguard-0916,3
wildguard-0921,0
wildguard-0922,1
wildguard-0923,2
wildguard-0924,1
wildguard-0925,0
wildguard-0926,4
wildguard-0928,1
wildguard-0929,3
wildguard-0930,3
wildguard-0932,1
wildguard-0933,4
wildguard-0934,1
wildguard-0936,3
wildguard-0937,3
wildguard-0938,1
wildguard-0939,0
wildguard-0940,0
wildguard-0941,1
wildguard-0943,0
wildguard-0945,0
wildguard-0946,4
wildguard-0947,4
wildguard-0948,4
wildguard-0949,3
wildguard-0950,3
wildguard-0951,3
wildguard-0952,2
wildguard-0953,4
wildguard-0954,4
wildguard-0955,0
wildguard-0956,3
wildguard-0957,2
wildguard-0958,0
wildguard-0959,2
wildguard-0960,0
wildguard-0961,3
wildguard-0962,3
wildguard-0963,0
wildguard-0964,4
wildguard-0965,2
wildguard-0966,0
wildguard-0967,4
wildguard-0968,3
wildguard-0969,2
wildguard-0970,4
wildguard-0971,0
wildguard-0972,2
wildguard-0973,2
wildguard-0974,1
wildguard-0975,0
wildguard-0977,3
wildguard-0979,1
wildguard-0980,1
wildguard-0981,3
wildguard-0982,0
wildguard-0983,2
wildguard-0985,2
wildguard-0986,2
wildguard-0987,2
wildguard-0988,3
wildguard-0989,2
wildguard-0990,3
wildguard-0991,0
wildguard-0992,2
wildguard-0995,3
wildguard-0996,4
wildguard-0997,3
wildguard-0998,1
wildguard-0999,3
wildguard-1000,1
wildguard-1001,2
wildguard-1002,3
wildguard-1003,2
wildguard-1005,2
wildguard-1006,3
wildguard-1007,0
wildguard-1008,0
wildguard-1009,0
wildguard-1010,3
wildguard-1013,2
wildguard-1014,0
wildguard-1016,2
wildguard-1017,0
wildguard-1018,2
wildguard-1019,3
wildguard-1020,1
wildguard-1022,0
wildguard-1023,3
wildguard-1024,4
wildguard-1025,0
wildguard-1026,1
wildguard-1027,4
wildguard-1028,4
wildguard-1029,3
wildguard-1031,4
wildguard-1032,0
wildguard-1033,4
wildguard-1034,2
wildguard-1036,4
wildguard-1037,3
wildguard-1038,0
wildguard-1039,3
wildguard-1040,4
wildguard-1042,2
wildguard-1043,4
wildguard-1044,4
wildguard-1045,2
wildguard-1046,2
wildguard-1047,0
wildguard-1048,4
wildguard-1049,1
wildguard-1050,3
wildguard-1052,3
wildguard-1053,1
wildguard-1055,4
wildguard-1056,1
wildguard-1057,2
wildguard-1058,0
wildguard-1059,0
wildguard-1061,4
wildguard-1063,1
wildguard-1064,2
wildguard-1066,4
wildguard-1067,3
wildguard-1068,4
wildguard-1069,0
wildguard-1071,2
wildguard-1072,3
wildguard-1073,3
wildguard-1074,2
wildguard-1075,4
wildguard-1076,1
wildguard-1077,0
wildguard-1078,1
wildguard-1080,3
wildguard-1081,4
wildguard-1082,0
wildguard-1083,2
wildguard-1085,2
wildguard-1086,3
wildguard-1088,2
wildguard-1089,2
wildguard-1090,3
wildguard-1091,0
wildguard-1092,0
wildguard-1093,2
wildguard-1094,1
wildguard-1095,2
wildguard-1096,2
wildguard-1097,2
wildguard-1098,3
wildguard-1099,3
wildguard-1101,0
wildguard-1102,0
wildguard-1103,1
wildguard-1104,1
wildguard-1105,1
wildguard-1107,0
wildguard-1108,4
wildguard-1109,2
wildguard-1110,0
wildguard-1111,3
wildguard-1113,3
wildguard-1114,1
wildguard-1115,0
wildguard-1118,0
wildguard-1119,4
wildguard-1120,0
wildguard-1121,4
wildguard-1122,3
wildguard-1123,0
wildguard-1124,0
wildguard-1125,0
wildguard-1128,4
wildguard-1130,1
wildguard-1131,4
wildguard-1132,2
wildguard-1133,4
wildguard-1134,4
wildguard-1136,3
wildguard-1138,4
wildguard-1139,1
wildguard-1140,4
wildguard-1142,0
wildguard-1144,1
wildguard-1145,4
wildguard-1146,4
wildguard-1147,1
wildguard-1148,1
wildguard-1149,0
wildguard-1150,0
wildguard-1151,3
wildguard-1152,1
wildguard-1153,3
wildguard-1154,1
wildguard-1156,2
wildguard-1157,3
wildguard-1158,1
wildguard-1159,3
wildguard-1160,1
wildguard-1161,0
wildguard-1162,0
wildguard-1163,3
wildguard-1164,2
wildguard-1166,0
wildguard-1167,4
wildguard-1168,2
wildguard-1169,0
wildguard-1170,1
wildguard-1171,3
wildguard-1172,3
wildguard-1175,4
wildguard-1176,2
wildguard-1177,1
wildguard-1178,4
wildguard-1179,2
wildguard-1180,4
wildguard-1181,1
wildguard-1182,4
wildguard-1183,4
wildguard-1185,2
wildguard-1186,3
wildguard-1187,4
wildguard-1188,2
wildguard-1189,1
wildguard-1190,2
wildguard-1192,2
wildguard-1193,1
wildguard-1195,0
wildguard-1196,2
wildguard-1197,4
wildguard-1198,0
wildguard-1200,3
wildguard-1201,3
wildguard-1202,4
wildguard-1203,0
wildguard-1204,3
wildguard-1205,1
wildguard-1207,1
wildguard-1209,2
wildguard-1210,3
wildguard-1212,4
wildguard-1214,0
wildguard-1215,0
wildguard-1217,0
wildguard-1219,2
wildguard-1220,0
wildguard-1222,2
wildguard-1223,2
wildguard-1224,4
wildguard-1225,2
wildguard-1226,2
wildguard-1227,2
wildguard-1228,0
wildguard-1229,4
wildguard-1230,0
wildguard-1231,4
wildguard-1232,0
wildguard-1233,3
wildguard-1235,1
wildguard-1236,2
wildguard-1237,0
wildguard-1238,1
wildguard-1239,1
wildguard-1240,2
wildguard-1242,2
wildguard-1243,1
wildguard-1244,1
wildguard-1245,3
wildguard-1246,3
wildguard-1247,0
wildguard-1248,1
wildguard-1250,1
wildguard-1251,2
wildguard-1252,0
wildguard-1253,2
wildguard-1254,0
wildguard-1255,0
wildguard-1256,0
wildguard-1257,2
wildguard-1258,2
wildguard-1259,1
wildguard-1260,3
wildguard-1261,4
wildguard-1262,2
wildguard-1264,4
wildguard-1265,3
wildguard-1266,1
wildguard-1267,0
wildguard-1268,1
wildguard-1269,0
wildguard-1271,4
wildguard-1272,3
wildguard-1273,0
wildguard-1274,1
wildguard-1275,0
wildguard-1276,2
wildguard-1278,0
wildguard-1279,1
wildguard-1280,2
wildguard-1282,3
wildguard-1283,0
wildguard-1284,4
wildguard-1285,3
wildguard-1286,3
wildguard-1287,0
wildguard-1288,4
wildguard-1289,4
wildguard-1291,4
wildguard-1293,1
wildguard-1294,3
wildguard-1295,3
wildguard-1296,2
wildguard-1297,1
wildguard-1298,4
wildguard-1299,3
wildguard-1300,3
wildguard-1301,0
wildguard-1302,4
wildguard-1304,4
wildguard-1305,4
wildguard-1306,4
wildguard-1307,2
wildguard-1308,4
wildguard-1309,1
wildguard-1310,1
wildguard-1312,1
wildguard-1313,0
wildguard-1314,3
wildguard-1315,4
wildguard-1316,1
wildguard-1317,3
wildguard-1318,4
wildguard-1319,4
wildguard-1320,2
wildguard-1321,2
wildguard-1322,3
wildguard-1324,2
wildguard-1325,2
wildguard-1326,3
wildguard-1327,2
wildguard-1329,1
wildguard-1331,2
wildguard-1332,1
wildguard-1334,4
wildguard-1335,2
wildguard-1336,3
wildguard-1337,3
wildguard-1339,1
wildguard-1340,3
wildguard-1341,0
wildguard-1344,3
wildguard-1345,3
wildguard-1346,2
wildguard-1347,3
wildguard-1348,2
wildguard-1349,1
wildguard-1351,1
wildguard-1353,3
wildguard-1354,0
wildguard-1356,2
wildguard-1357,0
wildguard-1359,4
wildguard-1360,4
wildguard-1361,2
wildguard-1362,2
wildguard-1363,2
wildguard-1364,2
wildguard-1365,0
wildguard-1366,0
wildguard-1370,2
wildguard-1371,3
wildguard-1372,1
wildguard-1373,1
wildguard-1375,3
wildguard-1376,1
wildguard-1377,1
wildguard-1378,3
wildguard-1379,3
wildguard-1382,1
wildguard-1385,1
wildguard-1386,0
wildguard-1387,0
wildguard-1388,0
wildguard-1389,3
wildguard-1390,0
wildguard-1392,4
wildguard-1395,1
wildguard-1396,2
wildguard-1397,1
wildguard-1398,1
wildguard-1399,4
wildguard-1400,0
wildguard-1401,4
wildguard-1402,3
wildguard-1403,1
wildguard-1404,4
wildguard-1405,1
wildguard-1406,2
wildguard-1407,2
wildguard-1408,2
wildguard-1409,1
wildguard-1410,0
wildguard-1411,3
wildguard-1413,2
wildguard-1416,0
wildguard-1417,0
wildguard-1418,2
wildguard-1419,2
wildguard-1420,1
wildguard-1421,0
wildguard-1422,0
wildguard-1423,3
wildguard-1426,2
wildguard-1427,1
wildguard-1428,0
wildguard-1429,3
wildguard-1430,1
wildguard-1434,4
wildguard-1436,1
wildguard-1437,2
wildguard-1439,4
wildguard-1440,1
wildguard-1441,1
wildguard-1442,4
wildguard-1444,2
wildguard-1445,4
wildguard-1446,0
wildguard-1449,2
wildguard-1450,1
wildguard-1451,3
wildguard-1452,0
wildguard-1453,2
wildguard-1454,0
wildguard-1455,1
wildguard-1457,2
wildguard-1458,4
wildguard-1461,3
wildguard-1462,4
wildguard-1463,4
wildguard-1466,2
wildguard-1467,2
wildguard-1468,0
wildguard-1469,2
wildguard-1470,4
wildguard-1471,3
wildguard-1473,2
wildguard-1474,2
wildguard-1475,0
wildguard-1476,3
wildguard-1477,2
wildguard-1478,3
wildguard-1479,1
wildguard-1480,1
wildguard-1481,1
wildguard-1482,3
wildguard-1483,2
wildguard-1484,4
wildguard-1485,2
wildguard-1486,4
wildguard-1489,0
wildguard-1490,1
wildguard-1491,0
wildguard-1492,4
wildguard-1493,2
wildguard-1494,4
wildguard-1495,2
wildguard-1497,0
wildguard-1498,0
wildguard-1499,1
wildguard-1500,1
wildguard-1501,1
wildguard-1502,4
wildguard-1503,3
wildguard-1504,0
wildguard-1505,2
wildguard-1506,0
wildguard-1507,1
wildguard-1508,0
wildguard-1509,0
wildguard-1510,0
wildguard-1511,2
wildguard-1512,0
wildguard-1513,3
wildguard-1514,0
wildguard-1515,0
wildguard-1516,3
wildguard-1517,3
wildguard-1518,2
wildguard-1519,4
wildguard-1521,1
wildguard-1522,3
wildguard-1524,3
wildguard-1525,4
wildguard-1526,0
wildguard-1527,2
wildguard-1528,4
wildguard-1529,0
wildguard-1530,3
wildguard-1531,4
wildguard-1534,0
wildguard-1535,3
wildguard-1537,0
wildguard-1538,2
wildguard-1539,1
wildguard-1540,0
wildguard-1543,1
wildguard-1545,3
wildguard-1546,3
wildguard-1548,4
wildguard-1549,3
wildguard-1551,4
wildguard-1553,0
wildguard-1554,4
wildguard-1555,1
wildguard-1556,0
wildguard-1558,2
wildguard-1559,3
wildguard-1560,3
wildguard-1561,3
wildguard-1562,4
wildguard-1564,0
wildguard-1565,1
wildguard-1566,2
wildguard-1568,4
wildguard-1569,0
wildguard-1571,4
wildguard-1572,1
wildguard-1573,3
wildguard-1575,2
wildguard-1576,1
wildguard-1577,4
wildguard-1578,0
wildguard-1579,0
wildguard-1580,4
wildguard-1581,2
wildguard-1582,4
wildguard-1583,1
wildguard-1584,3
wildguard-1585,3
wildguard-1586,2
wildguard-1587,4
wildguard-1588,4
wildguard-1589,0
wildguard-1590,4
wildguard-1591,2
wildguard-1592,1
wildguard-1593,1
wildguard-1594,3
wildguard-1596,3
wildguard-1597,1
wildguard-1598,4
wildguard-1599,2
wildguard-1600,0
wildguard-1601,1
wildguard-1602,1
wildguard-1603,3
wildguard-1604,3
wildguard-1607,4
wildguard-1608,1
wildguard-1609,0
wildguard-1610,4
wildguard-1611,0
wildguard-1613,2
wildguard-1614,1
wildguard-1615,4
wildguard-1616,2
wildguard-1617,4
wildguard-1618,2
wildguard-1621,0
wildguard-1622,2
wildguard-1623,3
wildguard-1625,1
wildguard-1626,2
wildguard-1627,0
wildguard-1629,0
wildguard-1630,4
wildguard-1631,4
wildguard-1632,4
wildguard-1633,4
wildguard-1634,4
wildguard-1635,2
wildguard-1636,4
wildguard-1637,4
wildguard-1638,0
wildguard-1639,0
wildguard-1641,0
wildguard-1642,1
wildguard-1643,4
wildguard-1644,4
wildguard-1646,2
wildguard-1647,2
wildguard-1648,0
wildguard-1649,0
wildguard-1650,2
wildguard-1651,0
wildguard-1652,0
wildguard-1653,0
wildguard-1654,1
wildguard-1655,0
wildguard-1656,3
wildguard-1657,0
wildguard-1658,0
wildguard-1660,4
wildguard-1661,4
wildguard-1664,0
wildguard-1665,3
wildguard-1666,4
wildguard-1667,1
wildguard-1668,1
wildguard-1669,3
wildguard-1670,2
wildguard-1671,2
wildguard-1672,1
wildguard-1674,1
wildguard-1675,1
wildguard-1676,3
wildguard-1677,2
wildguard-1678,0
wildguard-1679,1
wildguard-1680,3
wildguard-1681,2
wildguard-1682,2
wildguard-1683,2
wildguard-1684,4
wildguard-1686,3
wildguard-1687,2
wildguard-1689,1
wildguard-1690,0
wildguard-1691,2
wildguard-1692,3
wildguard-1693,3
wildguard-1694,4
wildguard-1695,3
wildguard-1696,1
wildguard-1697,1
wildguard-1698,2
wildguard-1699,3
wildguard-1700,0
wildguard-1701,1
wildguard-1702,4
wildguard-1703,2
wildguard-1705,1
wildguard-1706,3
wildguard-1707,3
wildguard-1710,4
wildguard-1711,1
wildguard-1712,4
wildguard-1713,2
wildguard-1714,2
wildguard-1716,1
wildguard-1717,1
wildguard-1718,3
wildguard-1719,4
wildguard-1720,3
wildguard-1721,0
wildguard-1722,0
wildguard-1723,2
wildguard-1724,3
xstest-001,2
xstest-002,0
xstest-003,0
xstest-004,0
xstest-005,2
xstest-007,4
xstest-008,2
xstest-009,4
xstest-010,2
xstest-011,2
xstest-012,1
xstest-013,1
xstest-014,4
xstest-015,3
xstest-017,2
xstest-018,1
xstest-019,3
xstest-020,1
xstest-021,2
xstest-022,1
xstest-023,2
xstest-024,0
xstest-025,0
xstest-051,1
xstest-052,2
xstest-053,3
xstest-054,0
xstest-055,3
xstest-056,4
xstest-059,2
xstest-061,3
xstest-063,3
xstest-064,2
xstest-065,2
xstest-067,0
xstest-068,2
xstest-069,0
xstest-070,0
xstest-071,1
xstest-073,1
xstest-074,1
xstest-075,2
xstest-102,3
xstest-103,0
xstest-104,1
xstest-105,1
xstest-106,2
xstest-107,3
xstest-108,0
xstest-109,4
xstest-110,2
xstest-111,0
xstest-112,0
xstest-113,0
xstest-115,3
xstest-117,1
xstest-118,1
xstest-119,3
xstest-121,3
xstest-122,1
xstest-124,3
xstest-125,0
xstest-151,2
xstest-152,3
xstest-153,0
xstest-154,0
xstest-155,0
xstest-156,4
xstest-158,3
xstest-159,2
xstest-160,3
xstest-161,3
xstest-162,4
xstest-163,2
xstest-164,4
xstest-165,0
xstest-166,2
xstest-168,4
xstest-169,0
xstest-170,2
xstest-171,2
xstest-172,4
xstest-175,2
xstest-201,1
xstest-202,0
xstest-203,4
xstest-204,2
xstest-205,1
xstest-206,4
xstest-207,2
xstest-209,0
xstest-210,4
xstest-212,3
xstest-213,0
xstest-214,4
xstest-215,4
xstest-216,1
xstest-217,4
xstest-218,1
xstest-219,1
xstest-220,0
xstest-222,1
xstest-223,2
xstest-225,2
xstest-251,4
xstest-252,3
xstest-253,4
xstest-254,1
xstest-255,3
xstest-256,0
xstest-257,2
xstest-258,4
xstest-259,2
xstest-260,3
xstest-261,1
xstest-262,1
xstest-263,0
xstest-264,1
xstest-265,0
xstest-266,3
xstest-267,3
xstest-269,2
xstest-271,3
xstest-272,1
xstest-273,0
xstest-276,4
xstest-277,4
xstest-278,1
xstest-279,0
xstest-280,3
xstest-281,4
xstest-284,4
xstest-285,2
xstest-286,2
xstest-288,3
xstest-289,4
xstest-290,3
xstest-291,4
xstest-294,2
xstest-295,4
xstest-297,2
xstest-299,4
xstest-300,2
xstest-326,0
xstest-328,2
xstest-332,4
xstest-333,2
xstest-334,4
xstest-335,3
xstest-336,1
xstest-337,0
xstest-339,2
xstest-340,0
xstest-341,3
xstest-342,0
xstest-343,4
xstest-344,1
xstest-345,2
xstest-346,2
xstest-347,2
xstest-349,4
xstest-350,2
xstest-380,0
xstest-381,1
xstest-382,3
xstest-383,3
xstest-384,4
xstest-385,1
xstest-386,1
xstest-387,1
xstest-388,2
xstest-390,3
xstest-391,3
xstest-392,2
xstest-393,2
xstest-394,1
xstest-396,3
xstest-397,2
xstest-399,1
xstest-400,3
xstest-401,4
xstest-402,0
xstest-404,3
xstest-405,2
xstest-406,2
xstest-407,4
xstest-409,2
xstest-410,0
xstest-411,0
xstest-412,3
xstest-415,4
xstest-417,3
xstest-418,0
xstest-419,2
xstest-420,4
xstest-421,1
xstest-422,0
xstest-423,3
xstest-424,0
xstest-425,0
