setup_id,outer_fold,feature_family,train_n,eval_n,numeric_feature_n,embedding_used,pca_components,pca_explained_variance_ratio_sum,selected_candidate_id,selected_params_json,selected_inner_cv_mse,selected_inner_fold_mse_json,mse,mae,spearman,positive_value_average_precision,fit_and_predict_seconds
compact_after_rule,0,cheap_features,1349,338,4,False,0,,0,"{""l2_regularization"": 1.0, ""learning_rate"": 0.05, ""max_iter"": 200, ""max_leaf_nodes"": 7, ""min_samples_leaf"": 30}",0.024102054780205218,"[0.02995227788780954, 0.017581397158967973, 0.018989005427354266, 0.029868178934203612]",0.013101959045610479,0.03181379392436641,0.18680470780799874,0.7361111111111112,4.3951492109990795
compact_after_rule,0,frozen_embedding,1349,338,0,True,32,0.5042293363866022,1,"{""l2_regularization"": 1.0, ""learning_rate"": 0.05, ""max_iter"": 200, ""max_leaf_nodes"": 15, ""min_samples_leaf"": 20}",0.02472588705972661,"[0.030823217445667263, 0.019412908047066687, 0.017229129301913924, 0.03142020047575428]",0.02043166615968992,0.04998167065856699,-0.04101558653510944,0.011223679093945805,15.107375929997943
compact_after_rule,0,runtime_metadata,1349,338,6,False,0,,0,"{""l2_regularization"": 1.0, ""learning_rate"": 0.05, ""max_iter"": 200, ""max_leaf_nodes"": 7, ""min_samples_leaf"": 30}",0.02440250038197577,"[0.02961555804705049, 0.019961698725764327, 0.01716181087706569, 0.030855464864179637]",0.018023044429145672,0.040671543800715027,0.022690598382557974,0.34163764189886475,4.608814338003867
compact_after_rule,0,cheap_plus_metadata,1349,338,8,False,0,,0,"{""l2_regularization"": 1.0, ""learning_rate"": 0.05, ""max_iter"": 200, ""max_leaf_nodes"": 7, ""min_samples_leaf"": 30}",0.023967422585882435,"[0.028931473632917152, 0.020490073615792054, 0.01781578395119994, 0.02861762902181932]",0.014310521257430438,0.03392664123776324,0.1390505087167833,0.618140243902439,4.635438211997098
compact_after_rule,0,cheap_plus_embedding,1349,338,4,True,32,0.5042804965424832,0,"{""l2_regularization"": 1.0, ""learning_rate"": 0.05, ""max_iter"": 200, ""max_leaf_nodes"": 7, ""min_samples_leaf"": 30}",0.025417918916747488,"[0.030588618669958767, 0.019096555130914256, 0.020054935114483988, 0.031916223428923106]",0.01743251428560601,0.04273486885784975,0.16141692437001148,0.11523131036647025,16.133045597998716
compact_after_rule,0,all_features,1349,338,8,True,32,0.504246919412314,0,"{""l2_regularization"": 1.0, ""learning_rate"": 0.05, ""max_iter"": 200, ""max_leaf_nodes"": 7, ""min_samples_leaf"": 30}",0.024604504148691177,"[0.0287612714775117, 0.019592891258370642, 0.019447896511826775, 0.030603622725901808]",0.017465080387647033,0.04181058652885283,0.11397460698019415,0.1435224336387127,15.84331921300327
compact_after_rule,1,cheap_features,1350,337,4,False,0,,0,"{""l2_regularization"": 1.0, ""learning_rate"": 0.05, ""max_iter"": 200, ""max_leaf_nodes"": 7, ""min_samples_leaf"": 30}",0.010829934302093835,"[0.011787251742064695, 0.00813988869329855, 0.006012009194804241, 0.017358374647095175]",0.003683887889686554,0.013575141682058107,-0.05983722056324755,0.0036231884057971015,4.24649673300155
compact_after_rule,1,frozen_embedding,1350,337,0,True,32,0.5026556962175552,0,"{""l2_regularization"": 1.0, ""learning_rate"": 0.05, ""max_iter"": 200, ""max_leaf_nodes"": 7, ""min_samples_leaf"": 30}",0.011628370591013928,"[0.012287100793159852, 0.007660211422438856, 0.00742499491209514, 0.01911699909775981]",0.0036168311618186345,0.020759255349030944,0.03140371465106638,0.008849557522123894,16.125358044002496
compact_after_rule,1,runtime_metadata,1350,337,6,False,0,,0,"{""l2_regularization"": 1.0, ""learning_rate"": 0.05, ""max_iter"": 200, ""max_leaf_nodes"": 7, ""min_samples_leaf"": 30}",0.011207736508980277,"[0.012048437526087506, 0.006625792662161113, 0.00676649495867981, 0.019363525074208306]",0.003401112741642469,0.01446175502976546,-0.0039262541259049225,0.00558659217877095,4.79027044299437
compact_after_rule,1,cheap_plus_metadata,1350,337,8,False,0,,0,"{""l2_regularization"": 1.0, ""learning_rate"": 0.05, ""max_iter"": 200, ""max_leaf_nodes"": 7, ""min_samples_leaf"": 30}",0.01129952138109303,"[0.011763463003952517, 0.008785398126579996, 0.006231034834987533, 0.01839575580204551]",0.003691667124505962,0.015765255416913492,0.012625502465603492,0.006802721088435374,4.784375278999505
compact_after_rule,1,cheap_plus_embedding,1350,337,4,True,32,0.5026970533446828,0,"{""l2_regularization"": 1.0, ""learning_rate"": 0.05, ""max_iter"": 200, ""max_leaf_nodes"": 7, ""min_samples_leaf"": 30}",0.010992078990954245,"[0.011485637734335894, 0.00826456615623109, 0.006387865318940859, 0.017808555255768493]",0.004006823197985793,0.02034940826864688,-0.025795908463375955,0.004651162790697674,15.6836337440036
compact_after_rule,1,all_features,1350,337,8,True,32,0.5027048996562853,0,"{""l2_regularization"": 1.0, ""learning_rate"": 0.05, ""max_iter"": 200, ""max_leaf_nodes"": 7, ""min_samples_leaf"": 30}",0.011092864629135057,"[0.011479741209187204, 0.008432761762262266, 0.006807645335107015, 0.017630761919566876]",0.003906976414505794,0.01911902098174297,0.016823418563071277,0.007194244604316547,15.667531659004453
compact_after_rule,2,cheap_features,1350,337,4,False,0,,0,"{""l2_regularization"": 1.0, ""learning_rate"": 0.05, ""max_iter"": 200, ""max_leaf_nodes"": 7, ""min_samples_leaf"": 30}",0.018499523809650618,"[0.012965244748178808, 0.017860689405170542, 0.022936633466079877, 0.020253845463285864]",0.011274188255534388,0.024623879482328956,-0.09883898224978407,0.0035087719298245615,4.221186082999338
compact_after_rule,2,frozen_embedding,1350,337,0,True,32,0.5061533410907758,0,"{""l2_regularization"": 1.0, ""learning_rate"": 0.05, ""max_iter"": 200, ""max_leaf_nodes"": 7, ""min_samples_leaf"": 30}",0.019917537315898487,"[0.016446090948422358, 0.01770250144074751, 0.021854210361531776, 0.023684220347440166]",0.01074657792658236,0.033217623649330986,-0.10571997779002804,0.0030581039755351682,14.295121989001927
compact_after_rule,2,runtime_metadata,1350,337,6,False,0,,0,"{""l2_regularization"": 1.0, ""learning_rate"": 0.05, ""max_iter"": 200, ""max_leaf_nodes"": 7, ""min_samples_leaf"": 30}",0.019821253483002427,"[0.016192872178607053, 0.018024930729564376, 0.02202094048834481, 0.023062367580175474]",0.010966305157437293,0.03617515900040673,0.057195422753377474,0.018867924528301886,4.945456647998071
compact_after_rule,2,cheap_plus_metadata,1350,337,8,False,0,,0,"{""l2_regularization"": 1.0, ""learning_rate"": 0.05, ""max_iter"": 200, ""max_leaf_nodes"": 7, ""min_samples_leaf"": 30}",0.01823049294527345,"[0.013448773217633096, 0.019579946243447947, 0.02199768822565879, 0.017905748861206976]",0.012282852007162566,0.03331778431555488,0.027957957890588143,0.003484320557491289,5.123961392004276
compact_after_rule,2,cheap_plus_embedding,1350,337,4,True,32,0.5064275432122471,0,"{""l2_regularization"": 1.0, ""learning_rate"": 0.05, ""max_iter"": 200, ""max_leaf_nodes"": 7, ""min_samples_leaf"": 30}",0.019072012836371326,"[0.013786287345934638, 0.020244056533226796, 0.021863078960544284, 0.02040683527668042]",0.012762338661759283,0.033320008645549404,-0.08402750335641783,0.0030581039755351682,16.423308705001546
compact_after_rule,2,all_features,1350,337,8,True,32,0.506319894520082,0,"{""l2_regularization"": 1.0, ""learning_rate"": 0.05, ""max_iter"": 200, ""max_leaf_nodes"": 7, ""min_samples_leaf"": 30}",0.0191093649713733,"[0.013562751436216245, 0.020751549874596844, 0.02176623388931831, 0.0203685105269996]",0.012226489906621986,0.03348708873333031,-0.1393995871718486,0.003134796238244514,15.443334440002218
compact_after_rule,3,cheap_features,1350,337,4,False,0,,0,"{""l2_regularization"": 1.0, ""learning_rate"": 0.05, ""max_iter"": 200, ""max_leaf_nodes"": 7, ""min_samples_leaf"": 30}",0.017203835905420434,"[0.01890353701026443, 0.012923134269055794, 0.028147369995786993, 0.00880378532819111]",0.0281440091825725,0.040647477225721255,0.0967144484491314,0.6782266183428973,4.355935788000352
compact_after_rule,3,frozen_embedding,1350,337,0,True,32,0.5050176250268514,0,"{""l2_regularization"": 1.0, ""learning_rate"": 0.05, ""max_iter"": 200, ""max_leaf_nodes"": 7, ""min_samples_leaf"": 30}",0.017238983712403125,"[0.018706049686281943, 0.017019199063660142, 0.023735457962842224, 0.009471597453669975]",0.03303155429108746,0.053726990881087705,0.04407977070158807,0.08010394125780196,15.951356525001756
compact_after_rule,3,runtime_metadata,1350,337,6,False,0,,0,"{""l2_regularization"": 1.0, ""learning_rate"": 0.05, ""max_iter"": 200, ""max_leaf_nodes"": 7, ""min_samples_leaf"": 30}",0.01712959805825341,"[0.018270592160723517, 0.015191412014578758, 0.02490788876287065, 0.010122032574344901]",0.03342565795803266,0.05205134175865601,0.06668659319770176,0.05035985768877017,4.710525620997942
compact_after_rule,3,cheap_plus_metadata,1350,337,8,False,0,,0,"{""l2_regularization"": 1.0, ""learning_rate"": 0.05, ""max_iter"": 200, ""max_leaf_nodes"": 7, ""min_samples_leaf"": 30}",0.017090074440988888,"[0.018282140890124192, 0.012466804555779925, 0.028649879109369388, 0.008923633828511371]",0.028128944581571207,0.04337088023535154,0.1279377413131657,0.7469221835075494,4.700172307995672
compact_after_rule,3,cheap_plus_embedding,1350,337,4,True,32,0.5049060619953684,0,"{""l2_regularization"": 1.0, ""learning_rate"": 0.05, ""max_iter"": 200, ""max_leaf_nodes"": 7, ""min_samples_leaf"": 30}",0.01773127969158543,"[0.017718535720970267, 0.015785233445390928, 0.02800104781220158, 0.009389865514336794]",0.0282721905955556,0.04977023528934235,0.13979169708146955,0.6949889258028793,15.315818054004922
compact_after_rule,3,all_features,1350,337,8,True,32,0.5050958826564611,0,"{""l2_regularization"": 1.0, ""learning_rate"": 0.05, ""max_iter"": 200, ""max_leaf_nodes"": 7, ""min_samples_leaf"": 30}",0.017771264010754004,"[0.01807178536369766, 0.015874248842083143, 0.027732614636351575, 0.009375956542193616]",0.028031673894328434,0.04989668363130846,0.12028506163789329,0.7552562504101319,15.838824710001063
compact_after_rule,4,cheap_features,1349,338,4,False,0,,0,"{""l2_regularization"": 1.0, ""learning_rate"": 0.05, ""max_iter"": 200, ""max_leaf_nodes"": 7, ""min_samples_leaf"": 30}",0.024952998095684,"[0.03110963573191836, 0.025533286660688527, 0.02367923715676119, 0.019493612539418136]",0.036870235416007126,0.05737577558463518,0.09577739898464928,0.26060360385765047,4.35983602199849
compact_after_rule,4,frozen_embedding,1349,338,0,True,32,0.5033850208260691,0,"{""l2_regularization"": 1.0, ""learning_rate"": 0.05, ""max_iter"": 200, ""max_leaf_nodes"": 7, ""min_samples_leaf"": 30}",0.02247824044463785,"[0.03163995472652662, 0.020081095531883895, 0.0195198130615739, 0.018680877174837206]",0.038432249376561714,0.06465940015392055,0.11207934020874744,0.03299449331874597,15.49663809499907
compact_after_rule,4,runtime_metadata,1349,338,6,False,0,,0,"{""l2_regularization"": 1.0, ""learning_rate"": 0.05, ""max_iter"": 200, ""max_leaf_nodes"": 7, ""min_samples_leaf"": 30}",0.023020458492976428,"[0.029735828743786264, 0.023357629448433875, 0.02133064767022549, 0.017662742384898504]",0.039560009767226206,0.0632521834756135,0.011096699127206377,0.19520802221326325,4.623123425000813
compact_after_rule,4,cheap_plus_metadata,1349,338,8,False,0,,0,"{""l2_regularization"": 1.0, ""learning_rate"": 0.05, ""max_iter"": 200, ""max_leaf_nodes"": 7, ""min_samples_leaf"": 30}",0.023782999067437634,"[0.02959294092033764, 0.025162802768732444, 0.02273984084908443, 0.017639507156576292]",0.036967969504399706,0.062484728361999683,0.06079678670933239,0.324122567687362,4.698334854001587
compact_after_rule,4,cheap_plus_embedding,1349,338,4,True,32,0.5033972073097527,0,"{""l2_regularization"": 1.0, ""learning_rate"": 0.05, ""max_iter"": 200, ""max_leaf_nodes"": 7, ""min_samples_leaf"": 30}",0.022726656345899633,"[0.032175206771305594, 0.02074393738948948, 0.019339706338498693, 0.018657825181062626]",0.03604608382333127,0.06314600126848222,0.18924596944050404,0.288377589543479,15.819244359001459
compact_after_rule,4,all_features,1349,338,8,True,32,0.5032873520879498,0,"{""l2_regularization"": 1.0, ""learning_rate"": 0.05, ""max_iter"": 200, ""max_leaf_nodes"": 7, ""min_samples_leaf"": 30}",0.022650955702160563,"[0.03208828792998452, 0.0205813451562754, 0.020023591308069813, 0.017918394747826145]",0.03562885367391689,0.06256866157026575,0.1871466826579586,0.3882606253510578,15.459485931001836
qwen_after_rule_compact,0,cheap_features,1349,338,13,False,0,,0,"{""l2_regularization"": 1.0, ""learning_rate"": 0.05, ""max_iter"": 200, ""max_leaf_nodes"": 7, ""min_samples_leaf"": 30}",0.16880181917163445,"[0.14658056231712005, 0.1413306380136643, 0.21023227110456197, 0.1771453221092269]",0.19299694823465638,0.264031564519018,0.1840229477743981,0.32104008868855394,5.097517528003664
qwen_after_rule_compact,0,frozen_embedding,1349,338,0,True,32,0.5042634533893824,0,"{""l2_regularization"": 1.0, ""learning_rate"": 0.05, ""max_iter"": 200, ""max_leaf_nodes"": 7, ""min_samples_leaf"": 30}",0.1714167680221973,"[0.14523245503488497, 0.1385088538714408, 0.21596922726622098, 0.1860541855131289]",0.19480331697786568,0.2807735566039005,0.13943192561094647,0.27654267742626965,15.81872695399943
qwen_after_rule_compact,0,runtime_metadata,1349,338,9,False,0,,0,"{""l2_regularization"": 1.0, ""learning_rate"": 0.05, ""max_iter"": 200, ""max_leaf_nodes"": 7, ""min_samples_leaf"": 30}",0.16993290776563408,"[0.13949429694810306, 0.14056565609297772, 0.22394799919942343, 0.17581082200206982]",0.1867214739743324,0.2612841462166578,0.2347767733646918,0.3593605245045581,5.083034111994493
qwen_after_rule_compact,0,cheap_plus_metadata,1349,338,17,False,0,,0,"{""l2_regularization"": 1.0, ""learning_rate"": 0.05, ""max_iter"": 200, ""max_leaf_nodes"": 7, ""min_samples_leaf"": 30}",0.16800183197013863,"[0.14935177047291517, 0.13757582111803252, 0.21164719940689386, 0.17352282178138387]",0.18292605633367423,0.25080045118405386,0.2635794176299462,0.4157235505998546,5.434134119001101
qwen_after_rule_compact,0,cheap_plus_embedding,1349,338,13,True,32,0.5042341300764733,2,"{""l2_regularization"": 5.0, ""learning_rate"": 0.05, ""max_iter"": 250, ""max_leaf_nodes"": 31, ""min_samples_leaf"": 20}",0.1612007396272803,"[0.14368205422476146, 0.1273073099268653, 0.20986345660175193, 0.16405071173111463]",0.18962470945887464,0.2715172642665614,0.2040311174725865,0.43552168343025704,18.78197581799759
qwen_after_rule_compact,0,all_features,1349,338,17,True,32,0.5041329622213063,2,"{""l2_regularization"": 5.0, ""learning_rate"": 0.05, ""max_iter"": 250, ""max_leaf_nodes"": 31, ""min_samples_leaf"": 20}",0.16110937003367626,"[0.14762364296934824, 0.12656035987673656, 0.20536211054828715, 0.16499388605830623]",0.18479503955376028,0.26915677762558865,0.2335824935816526,0.4624831177866792,17.385433403003844
qwen_after_rule_compact,1,cheap_features,1350,337,13,False,0,,0,"{""l2_regularization"": 1.0, ""learning_rate"": 0.05, ""max_iter"": 200, ""max_leaf_nodes"": 7, ""min_samples_leaf"": 30}",0.1782231475096826,"[0.16183448108713994, 0.1876173556240925, 0.17795938771852313, 0.18550212067813843]",0.18480222744803454,0.25293820892953256,0.19812329085734545,0.3784320277616593,5.132494474004488
qwen_after_rule_compact,1,frozen_embedding,1350,337,0,True,32,0.5027531286655934,0,"{""l2_regularization"": 1.0, ""learning_rate"": 0.05, ""max_iter"": 200, ""max_leaf_nodes"": 7, ""min_samples_leaf"": 30}",0.17768608564377095,"[0.16610347049565805, 0.1783016233459315, 0.1934491011274618, 0.17292269086254863]",0.19432524422781042,0.2812206663992377,0.19050541667014276,0.25850148841015924,16.452717945001496
qwen_after_rule_compact,1,runtime_metadata,1350,337,9,False,0,,0,"{""l2_regularization"": 1.0, ""learning_rate"": 0.05, ""max_iter"": 200, ""max_leaf_nodes"": 7, ""min_samples_leaf"": 30}",0.17570431467674835,"[0.17205880926936779, 0.17004676142256028, 0.17319853044852576, 0.18754076308185577]",0.18236605443168655,0.26028923929178066,0.2513107100772511,0.3689794650301677,4.86196982000547
qwen_after_rule_compact,1,cheap_plus_metadata,1350,337,17,False,0,,0,"{""l2_regularization"": 1.0, ""learning_rate"": 0.05, ""max_iter"": 200, ""max_leaf_nodes"": 7, ""min_samples_leaf"": 30}",0.17813028611789486,"[0.16320242449324196, 0.18635678377220397, 0.17580885215293288, 0.18717296940622843]",0.17672233674105872,0.25311186767842025,0.2728029692757334,0.42951588126300366,5.690745149004215
qwen_after_rule_compact,1,cheap_plus_embedding,1350,337,13,True,32,0.5028190059730917,0,"{""l2_regularization"": 1.0, ""learning_rate"": 0.05, ""max_iter"": 200, ""max_leaf_nodes"": 7, ""min_samples_leaf"": 30}",0.17343110780830523,"[0.16475137564098546, 0.17052449524651367, 0.18732189040288516, 0.1711610507877301]",0.17627736319808238,0.2598626982807967,0.28871083782094487,0.4369700529268924,16.929941791997408
qwen_after_rule_compact,1,all_features,1350,337,17,True,32,0.5028081698414234,2,"{""l2_regularization"": 5.0, ""learning_rate"": 0.05, ""max_iter"": 250, ""max_leaf_nodes"": 31, ""min_samples_leaf"": 20}",0.17281193230037625,"[0.1653145265098297, 0.17802355911851542, 0.17274985651917324, 0.17516656978090775]",0.1727678520912499,0.26879860076556866,0.30653710243109444,0.45571056977177316,19.712675417002174
qwen_after_rule_compact,2,cheap_features,1350,337,13,False,0,,0,"{""l2_regularization"": 1.0, ""learning_rate"": 0.05, ""max_iter"": 200, ""max_leaf_nodes"": 7, ""min_samples_leaf"": 30}",0.16996109717448046,"[0.18415447097537957, 0.1439773487080997, 0.16650000510920118, 0.18524755018021322]",0.14347215166829655,0.22066919204132107,0.28048405503834717,0.43053162788581184,5.1461924700051895
qwen_after_rule_compact,2,frozen_embedding,1350,337,0,True,32,0.5064087312011749,0,"{""l2_regularization"": 1.0, ""learning_rate"": 0.05, ""max_iter"": 200, ""max_leaf_nodes"": 7, ""min_samples_leaf"": 30}",0.16666726089486666,"[0.18127452824968615, 0.13638978549059538, 0.16169426171618967, 0.18735696725667336]",0.1642598969643528,0.25312883948154036,0.07172467380963732,0.29119514795501145,16.452209148999827
qwen_after_rule_compact,2,runtime_metadata,1350,337,9,False,0,,0,"{""l2_regularization"": 1.0, ""learning_rate"": 0.05, ""max_iter"": 200, ""max_leaf_nodes"": 7, ""min_samples_leaf"": 30}",0.17452045598665772,"[0.19569293242037689, 0.1401333490180992, 0.1777025937374161, 0.1845921613242545]",0.15119940585392042,0.2339236299138761,0.23531530456325667,0.3520200530393785,4.8629113560018595
qwen_after_rule_compact,2,cheap_plus_metadata,1350,337,17,False,0,,0,"{""l2_regularization"": 1.0, ""learning_rate"": 0.05, ""max_iter"": 200, ""max_leaf_nodes"": 7, ""min_samples_leaf"": 30}",0.171879677522661,"[0.191061744017761, 0.14010392025560114, 0.17190429478210825, 0.18448612103746445]",0.14143896537805098,0.22088045989717559,0.3015415496394821,0.4594716911222947,5.822415137998178
qwen_after_rule_compact,2,cheap_plus_embedding,1350,337,13,True,32,0.5059122294228785,0,"{""l2_regularization"": 1.0, ""learning_rate"": 0.05, ""max_iter"": 200, ""max_leaf_nodes"": 7, ""min_samples_leaf"": 30}",0.15830380989427092,"[0.1735114828429307, 0.13294904795911375, 0.15353536633466294, 0.17324945249671603]",0.14363549059400976,0.23078901303231922,0.29203315770005506,0.4098531813033489,16.186794590998034
qwen_after_rule_compact,2,all_features,1350,337,17,True,32,0.5063726725155924,0,"{""l2_regularization"": 1.0, ""learning_rate"": 0.05, ""max_iter"": 200, ""max_leaf_nodes"": 7, ""min_samples_leaf"": 30}",0.15984348792756137,"[0.17367619425769584, 0.13515627501726157, 0.15443594594528007, 0.17613774570834664]",0.14511806594684906,0.23080670045065754,0.27396569606450877,0.41533040449129316,16.695143532000657
qwen_after_rule_compact,3,cheap_features,1350,337,13,False,0,,0,"{""l2_regularization"": 1.0, ""learning_rate"": 0.05, ""max_iter"": 200, ""max_leaf_nodes"": 7, ""min_samples_leaf"": 30}",0.1691315377434133,"[0.16827820125343776, 0.18526143753782648, 0.15756075784162313, 0.16543924286115816]",0.14409899714540986,0.217096779913628,0.1889027736694886,0.24097504639657275,5.109486206994916
qwen_after_rule_compact,3,frozen_embedding,1350,337,0,True,32,0.5050948350782172,0,"{""l2_regularization"": 1.0, ""learning_rate"": 0.05, ""max_iter"": 200, ""max_leaf_nodes"": 7, ""min_samples_leaf"": 30}",0.17817157990435728,"[0.18059400357880973, 0.19695189450136735, 0.16217604955693324, 0.17297261098697433]",0.13571442222050736,0.22752803517215,0.15632937703241517,0.20482820246723038,15.406661262000853
qwen_after_rule_compact,3,runtime_metadata,1350,337,9,False,0,,0,"{""l2_regularization"": 1.0, ""learning_rate"": 0.05, ""max_iter"": 200, ""max_leaf_nodes"": 7, ""min_samples_leaf"": 30}",0.16689419273006054,"[0.17773585837584172, 0.19131751767807315, 0.14461706273390826, 0.15391268182162568]",0.1447916764633545,0.2259556183454394,0.13629986789296794,0.20687534790295742,5.117326359002618
qwen_after_rule_compact,3,cheap_plus_metadata,1350,337,17,False,0,,0,"{""l2_regularization"": 1.0, ""learning_rate"": 0.05, ""max_iter"": 200, ""max_leaf_nodes"": 7, ""min_samples_leaf"": 30}",0.1627169066524073,"[0.16730736927051698, 0.17852845441314563, 0.14958823707437813, 0.1554515033610048]",0.14254118282993367,0.2166632199512828,0.17145832829026245,0.24831401201584172,5.5775602540015825
qwen_after_rule_compact,3,cheap_plus_embedding,1350,337,13,True,32,0.5050006007298613,0,"{""l2_regularization"": 1.0, ""learning_rate"": 0.05, ""max_iter"": 200, ""max_leaf_nodes"": 7, ""min_samples_leaf"": 30}",0.16459457536151903,"[0.17672732740012492, 0.17620695603138542, 0.14564175989852152, 0.15978054085334267]",0.13503662922021345,0.2217618460606645,0.23594388617824477,0.2351842190750132,16.064603813996655
qwen_after_rule_compact,3,all_features,1350,337,17,True,32,0.5051645305841375,2,"{""l2_regularization"": 5.0, ""learning_rate"": 0.05, ""max_iter"": 250, ""max_leaf_nodes"": 31, ""min_samples_leaf"": 20}",0.16570644139635637,"[0.18026185068415093, 0.1766343707930561, 0.15109574655565375, 0.15482290179681332]",0.13638269292091026,0.23108315416230726,0.24933069151435663,0.2612592366291675,18.86109539100289
qwen_after_rule_compact,4,cheap_features,1349,338,13,False,0,,0,"{""l2_regularization"": 1.0, ""learning_rate"": 0.05, ""max_iter"": 200, ""max_leaf_nodes"": 7, ""min_samples_leaf"": 30}",0.1772267649344429,"[0.19978735422762844, 0.17477297622792123, 0.19116356669534307, 0.14319044385900503]",0.18107174529813877,0.2609232123123933,0.21181600146601134,0.3687226606519792,5.27082861999952
qwen_after_rule_compact,4,frozen_embedding,1349,338,0,True,32,0.5034345202752504,0,"{""l2_regularization"": 1.0, ""learning_rate"": 0.05, ""max_iter"": 200, ""max_leaf_nodes"": 7, ""min_samples_leaf"": 30}",0.17423511627515212,"[0.20104631989537664, 0.1707740376394491, 0.18176793474114436, 0.14336244308765245]",0.2071851018497231,0.2862633116317527,0.05786453291797236,0.23860380294831424,14.224493344998336
qwen_after_rule_compact,4,runtime_metadata,1349,338,9,False,0,,0,"{""l2_regularization"": 1.0, ""learning_rate"": 0.05, ""max_iter"": 200, ""max_leaf_nodes"": 7, ""min_samples_leaf"": 30}",0.17073493057322456,"[0.1847880840811193, 0.15466395974991454, 0.18796789667229383, 0.15556747013029248]",0.19462096390633585,0.27466198831789096,0.17982585525300107,0.3032353285362146,4.915577617000963
qwen_after_rule_compact,4,cheap_plus_metadata,1349,338,17,False,0,,0,"{""l2_regularization"": 1.0, ""learning_rate"": 0.05, ""max_iter"": 200, ""max_leaf_nodes"": 7, ""min_samples_leaf"": 30}",0.1704420696288588,"[0.1860688265977558, 0.1684590789067795, 0.18755695593406263, 0.1396893013223034]",0.18790722728083453,0.26480877488434607,0.20747710140833142,0.3772653447047184,5.643034316999547
qwen_after_rule_compact,4,cheap_plus_embedding,1349,338,13,True,32,0.5033638568370246,0,"{""l2_regularization"": 1.0, ""learning_rate"": 0.05, ""max_iter"": 200, ""max_leaf_nodes"": 7, ""min_samples_leaf"": 30}",0.164971717721937,"[0.1909153430106008, 0.1555415086319714, 0.1769707817108832, 0.13648722035058322]",0.19013219914916935,0.2785803299862314,0.22599076595299852,0.3267612101462558,16.180962590005947
qwen_after_rule_compact,4,all_features,1349,338,17,True,32,0.5033355126802336,0,"{""l2_regularization"": 1.0, ""learning_rate"": 0.05, ""max_iter"": 200, ""max_leaf_nodes"": 7, ""min_samples_leaf"": 30}",0.16514909946776168,"[0.1874620415844398, 0.15839980835614498, 0.17473730040861044, 0.14001727509191578]",0.19177723162216587,0.2760345617749451,0.20858218348142724,0.34298787825350846,17.64088803499908
