requested_budget,policy,seed_n,acquisition_rate_mean,acquisition_rate_se,acquisition_rate_ci95_lower,acquisition_rate_ci95_upper,decision_loss_mean,decision_loss_se,decision_loss_ci95_lower,decision_loss_ci95_upper,accuracy_mean,accuracy_se,accuracy_ci95_lower,accuracy_ci95_upper,total_risk_with_cost_mean,total_risk_with_cost_se,total_risk_with_cost_ci95_lower,total_risk_with_cost_ci95_upper,fpr_mean,fpr_se,fpr_ci95_lower,fpr_ci95_upper,recall_mean,recall_se,recall_ci95_lower,recall_ci95_upper,fnr_mean,fnr_se,fnr_ci95_lower,fnr_ci95_upper,decision_loss_reduction_vs_never_mean,decision_loss_reduction_vs_never_se,decision_loss_reduction_vs_never_ci95_lower,decision_loss_reduction_vs_never_ci95_upper,context_a_acquisition_rate_mean,context_a_acquisition_rate_se,context_a_acquisition_rate_ci95_lower,context_a_acquisition_rate_ci95_upper,context_b_acquisition_rate_mean,context_b_acquisition_rate_se,context_b_acquisition_rate_ci95_lower,context_b_acquisition_rate_ci95_upper,oracle_value_captured_per_example_mean,oracle_value_captured_per_example_se,oracle_value_captured_per_example_ci95_lower,oracle_value_captured_per_example_ci95_upper
0.0,learned_value,30,0.0,0.0,0.0,0.0,0.20988611111111105,0.0008563533437680481,0.20813467186829718,0.21163755035392492,0.7901138888888889,0.0008563533437680492,0.788362449646075,0.7918653281317027,0.20988611111111105,0.0008563533437680481,0.20813467186829718,0.21163755035392492,0.21134299344305044,0.0009668635427466426,0.20936553546552755,0.21332045142057332,0.7915702481310276,0.001164290582157692,0.7891890065203427,0.7939514897417125,0.20842975186897222,0.0011642905821576922,0.20604851025828738,0.21081099347965707,0.0,0.0,0.0,0.0,0.0,0.0,0.0,0.0,0.0,0.0,0.0,0.0,0.0,0.0,0.0,0.0
0.0,oracle_decision_value,30,0.0,0.0,0.0,0.0,0.20988611111111105,0.0008563533437680481,0.20813467186829718,0.21163755035392492,0.7901138888888889,0.0008563533437680492,0.788362449646075,0.7918653281317027,0.20988611111111105,0.0008563533437680481,0.20813467186829718,0.21163755035392492,0.21134299344305044,0.0009668635427466426,0.20936553546552755,0.21332045142057332,0.7915702481310276,0.001164290582157692,0.7891890065203427,0.7939514897417125,0.20842975186897222,0.0011642905821576922,0.20604851025828738,0.21081099347965707,0.0,0.0,0.0,0.0,0.0,0.0,0.0,0.0,0.0,0.0,0.0,0.0,0.0,0.0,0.0,0.0
0.0,random,30,0.0,0.0,0.0,0.0,0.20988611111111105,0.0008563533437680481,0.20813467186829718,0.21163755035392492,0.7901138888888889,0.0008563533437680492,0.788362449646075,0.7918653281317027,0.20988611111111105,0.0008563533437680481,0.20813467186829718,0.21163755035392492,0.21134299344305044,0.0009668635427466426,0.20936553546552755,0.21332045142057332,0.7915702481310276,0.001164290582157692,0.7891890065203427,0.7939514897417125,0.20842975186897222,0.0011642905821576922,0.20604851025828738,0.21081099347965707,0.0,0.0,0.0,0.0,0.0,0.0,0.0,0.0,0.0,0.0,0.0,0.0,0.0,0.0,0.0,0.0
0.0,uncertainty,30,0.0,0.0,0.0,0.0,0.20988611111111105,0.0008563533437680481,0.20813467186829718,0.21163755035392492,0.7901138888888889,0.0008563533437680492,0.788362449646075,0.7918653281317027,0.20988611111111105,0.0008563533437680481,0.20813467186829718,0.21163755035392492,0.21134299344305044,0.0009668635427466426,0.20936553546552755,0.21332045142057332,0.7915702481310276,0.001164290582157692,0.7891890065203427,0.7939514897417125,0.20842975186897222,0.0011642905821576922,0.20604851025828738,0.21081099347965707,0.0,0.0,0.0,0.0,0.0,0.0,0.0,0.0,0.0,0.0,0.0,0.0,0.0,0.0,0.0,0.0
0.05,learned_value,30,0.05000000000000002,2.5770405001214727e-18,0.05000000000000001,0.050000000000000024,0.18945277777777778,0.0008087236223847744,0.1877987522529835,0.19110680330257204,0.8105472222222222,0.0008087236223847739,0.8088931966974279,0.8122012477470165,0.1904527777777778,0.0008087236223847744,0.18879875225298354,0.19210680330257207,0.18954447813621345,0.0013312891395905455,0.18682168612567351,0.19226727014675338,0.8105857488201015,0.001643332494251379,0.8072247564909787,0.8139467411492243,0.1894142511798985,0.0016433324942513791,0.1860532588507757,0.19277524350902128,0.020433333333333335,0.00022635289303189415,0.01997038968692201,0.02089627697974466,0.10008945657854729,0.0001956844664052813,0.09968923690735028,0.1004896762497443,0.0,0.0,0.0,0.0,0.02069965177277443,8.272168842947412e-05,0.020530466923551205,0.020868836621997656
0.05,oracle_decision_value,30,0.05000000000000002,2.5770405001214727e-18,0.05000000000000001,0.050000000000000024,0.18816944444444442,0.0008212387006258932,0.18648982271065778,0.18984906617823105,0.8118305555555555,0.000821238700625896,0.8101509338217688,0.8135101772893422,0.18916944444444445,0.0008212387006258932,0.1874898227106578,0.19084906617823108,0.18905443749076992,0.00098318620757055,0.18704359591531058,0.19106527906622925,0.8127078040958833,0.0011210654474324581,0.8104149678120236,0.815000640379743,0.18729219590411664,0.0011210654474324584,0.18499935962025701,0.18958503218797626,0.02171666666666667,0.00014953098236519718,0.021410841469116145,0.022022491864217193,0.10008945657854729,0.0001956844664052813,0.09968923690735028,0.1004896762497443,0.0,0.0,0.0,0.0,0.022128763523908437,1.5010622645766645e-05,0.022098063353526445,0.022159463694290428
0.05,random,30,0.05000000000000002,2.5770405001214727e-18,0.05000000000000001,0.050000000000000024,0.2051722222222222,0.0007896190835762023,0.2035572698664985,0.2067871745779459,0.7948277777777778,0.0007896190835762007,0.7932128254220541,0.7964427301335015,0.20617222222222226,0.0007896190835762021,0.20455726986649855,0.20778717457794596,0.2063297767240716,0.0009365677906152261,0.2044142805168386,0.2082452729313046,0.795986023252519,0.0011011531001985252,0.7937339122914666,0.7982381342135714,0.20401397674748095,0.0011011531001985252,0.2017618657864286,0.2062660877085333,0.00471388888888889,0.00015570685717879946,0.004395432609103486,0.005032345168674294,0.050108259364707274,0.00036441443994480696,0.04936294815011097,0.05085357057930358,0.04988541857972197,0.0003641786557250347,0.04914058959800109,0.050630247561442854,0.004909580554083409,5.953578249657924e-05,0.00478781620695384,0.005031344901212978
0.05,uncertainty,30,0.05000000000000002,2.5770405001214727e-18,0.05000000000000001,0.050000000000000024,0.19860833333333336,0.0008356304546299042,0.19689927715765546,0.20031738950901126,0.8013916666666666,0.0008356304546299054,0.7996826104909887,0.8031007228423446,0.19960833333333333,0.0008356304546299044,0.19789927715765543,0.20131738950901124,0.19982157524163305,0.0009986524200814389,0.19777910170989493,0.20186404877337116,0.8026011070314486,0.001138762304023426,0.8002720766119166,0.8049301374509806,0.19739889296855131,0.001138762304023426,0.19506986254901926,0.19972792338808337,0.011277777777777777,0.0001533644257442559,0.010964112308196966,0.011591443247358588,0.049780057962355954,0.0003079194760125303,0.049150291922625156,0.05040982400208675,0.05021300407888355,0.0003066151254708046,0.049585905735544424,0.05084010242222268,0.011438482423330525,7.880715852091416e-05,0.011277303686711301,0.011599661159949749
0.1,learned_value,30,0.10000000000000003,5.1540810002429455e-18,0.10000000000000002,0.10000000000000005,0.1717861111111111,0.0007900309107445637,0.17017031647425523,0.173401905747967,0.8282138888888889,0.0007900309107445636,0.826598094252033,0.8298296835257448,0.17378611111111114,0.0007900309107445637,0.17217031647425526,0.17540190574796702,0.1712001018434654,0.0011052054307911098,0.16893970293576538,0.17346050075116543,0.8276180774346226,0.0015988616881551915,0.8243480381163373,0.8308881167529079,0.1723819225653776,0.0015988616881551915,0.16911188324709225,0.17565196188366294,0.0381,0.0003375073907709753,0.03740971987995634,0.038790280120043666,0.20017891315709457,0.0003913689328105626,0.19937847381470056,0.2009793524994886,0.0,0.0,0.0,0.0,0.03860572737799542,0.00017276400556407402,0.038252385312722195,0.03895906944326864
0.1,oracle_decision_value,30,0.10000000000000003,5.1540810002429455e-18,0.10000000000000002,0.10000000000000005,0.16974166666666665,0.0007659265751483742,0.16817517093147602,0.17130816240185728,0.8302583333333332,0.0007659265751483754,0.8286918375981426,0.8318248290685238,0.17174166666666665,0.0007659265751483742,0.17017517093147602,0.17330816240185729,0.17040403241764193,0.0009687979791876466,0.16842261807336908,0.17238544676191478,0.8309144862461363,0.0010334507740156844,0.8288008420894344,0.8330281304028382,0.16908551375386355,0.0010334507740156847,0.16697186959716168,0.17119915791056542,0.04014444444444444,0.0002835117010491071,0.039564597909567345,0.04072429097932154,0.20017891315709457,0.0003913689328105626,0.19937847381470056,0.2009793524994886,0.0,0.0,0.0,0.0,0.04087256778125107,3.6962830867657515e-05,0.0407969703039034,0.04094816525859874
0.1,random,30,0.10000000000000003,5.1540810002429455e-18,0.10000000000000002,0.10000000000000005,0.20043611111111112,0.0008141928609979073,0.19877089973738538,0.20210132248483687,0.799563888888889,0.0008141928609979065,0.7978986775151632,0.8012291002626147,0.2024361111111111,0.0008141928609979073,0.20077089973738535,0.20410132248483684,0.20173283090423044,0.0009619373224763246,0.1997654481784281,0.2037002136300328,0.800859546212399,0.0011438265448964798,0.7985201582573185,0.8031989341674795,0.19914045378760103,0.0011438265448964798,0.19680106583252052,0.20147984174268155,0.009449999999999998,0.00019043205564214194,0.009060522714988426,0.009839477285011571,0.10004074862540326,0.0004166053400316987,0.09918869503489965,0.10089280221590687,0.09995065821813236,0.000416286958677059,0.09909925579061277,0.10080206064565195,0.009763243135489602,6.67441695690784e-05,0.009626735981447391,0.009899750289531812
0.1,uncertainty,30,0.10000000000000003,5.1540810002429455e-18,0.10000000000000002,0.10000000000000005,0.188225,0.0008395472347563135,0.18650793310950584,0.18994206689049417,0.8117750000000001,0.0008395472347563146,0.810057933109506,0.8134920668904942,0.19022500000000003,0.0008395472347563136,0.18850793310950587,0.1919420668904942,0.189156569535442,0.001010997792186622,0.1870888468827312,0.1912242921881528,0.8126968930296529,0.0011231133088865915,0.8103998683988443,0.8149939176604615,0.18730310697034716,0.0011231133088865915,0.18500608233953855,0.18960013160115577,0.02166111111111111,0.00017007686139643063,0.021313264872742235,0.022008957349479986,0.09993678833965178,0.0004897328498714141,0.09893517219836864,0.10093840448093491,0.10006924460080799,0.0004877457629639206,0.09907169250856955,0.10106679669304643,0.022100291916555083,0.00011419626963638363,0.02186673432087377,0.022333849512236395
0.2,learned_value,30,0.20000000000000007,1.0308162000485891e-17,0.20000000000000004,0.2000000000000001,0.14423611111111115,0.0006643648400526396,0.14287733244704473,0.14559488977517757,0.8557638888888889,0.0006643648400526407,0.8544051102248225,0.8571226675529553,0.14823611111111112,0.0006643648400526396,0.1468773324470447,0.14959488977517754,0.14428715968504244,0.0011274943330752331,0.14198117485370032,0.14659314451638455,0.8557972342305312,0.0010725989081783384,0.8536035231494057,0.8579909453116568,0.14420276576946853,0.0010725989081783384,0.14200905468834302,0.14639647685059404,0.06565,0.0003302153018772298,0.06497463387631489,0.06632536612368511,0.40035782631418915,0.0007827378656211252,0.3987569476294011,0.4019587049989772,0.0,0.0,0.0,0.0,0.06689581765920817,0.0001576032383559928,0.0665734828444264,0.06721815247398995
0.2,oracle_decision_value,30,0.20000000000000007,1.0308162000485891e-17,0.20000000000000004,0.2000000000000001,0.14208611111111108,0.0006752262207048005,0.14070511842938038,0.14346710379284178,0.857913888888889,0.0006752262207048004,0.8565328962071583,0.8592948815706196,0.14608611111111108,0.0006752262207048005,0.14470511842938039,0.14746710379284178,0.14237732434794395,0.0008732850235489197,0.14059125593175115,0.14416339276413676,0.8581978298849248,0.0009125216901626802,0.856331513475115,0.8600641462947345,0.14180217011507526,0.0009125216901626803,0.1399358537052655,0.143668486524885,0.0678,0.0003695290572308646,0.06704422821852209,0.06855577178147791,0.40035782631418915,0.0007827378656211252,0.3987569476294011,0.4019587049989772,0.0,0.0,0.0,0.0,0.06894132550287561,7.875973340367761e-05,0.06878024376151194,0.06910240724423929
0.2,random,30,0.20000000000000007,1.0308162000485891e-17,0.20000000000000004,0.2000000000000001,0.19059444444444443,0.0008374299053160104,0.18888170797888373,0.19230718091000512,0.8094055555555555,0.0008374299053160111,0.8076928190899948,0.8111182920211162,0.1945944444444444,0.0008374299053160104,0.1928817079788837,0.1963071809100051,0.19187669032554458,0.0009241079258212963,0.1899866774031251,0.19376670324796405,0.8106876906030711,0.0012099972954836323,0.8082129682674476,0.8131624129386946,0.18931230939692878,0.001209997295483632,0.18683758706130527,0.1917870317325523,0.019291666666666665,0.00022104874551265937,0.018839571219987927,0.019743762113345404,0.20105138433497752,0.00043273567420532466,0.2001663405068845,0.20193642816307053,0.19894881488925914,0.00043385475316798925,0.1980614822876998,0.1998361474908185,0.019611246011424215,9.925080713026367e-05,0.019408255318675804,0.019814236704172625
0.2,uncertainty,30,0.20000000000000007,1.0308162000485891e-17,0.20000000000000004,0.2000000000000001,0.16979166666666667,0.0007958600374649535,0.1681639501270545,0.17141938320627884,0.8302083333333334,0.0007958600374649542,0.8285806167937213,0.8318360498729456,0.17379166666666668,0.0007958600374649535,0.17216395012705452,0.17541938320627884,0.1704505771472805,0.0009823832084797936,0.1684413778893642,0.17245977640519683,0.8308615422393436,0.0010707295328430382,0.8286716544600661,0.8330514300186211,0.16913845776065634,0.001070729532843038,0.16694856998137886,0.1713283455399338,0.04009444444444444,0.000295175482293086,0.039490742798427805,0.040698146090461074,0.19985685063217065,0.0006516796734802052,0.19852401604679357,0.20118968521754774,0.2001548629636469,0.0006542936411911885,0.19881668221402374,0.20149304371327006,0.04082132331739873,0.00014316632420717062,0.04052851530737504,0.04111413132742242
0.25,learned_value,30,0.25,0.0,0.25,0.25,0.13395833333333332,0.0006971336818504543,0.13253253486268365,0.13538413180398298,0.8660416666666667,0.0006971336818504544,0.8646158681960171,0.8674674651373163,0.13895833333333338,0.0006971336818504546,0.13753253486268371,0.14038413180398304,0.13423620964408084,0.0012089298017891172,0.13176367057820412,0.13670874870995756,0.8663079430719558,0.001048869316692333,0.8641627644547332,0.8684531216891784,0.13369205692804417,0.001048869316692333,0.13154687831082154,0.1358372355452668,0.07592777777777779,0.00038116438978368094,0.07514820906926678,0.0767073464862888,0.5004472828927364,0.0009784223320264066,0.49844618453675144,0.5024483812487215,0.0,0.0,0.0,0.0,0.0773330692940408,0.00015459833453579518,0.07701688019762384,0.07764925839045775
0.25,oracle_decision_value,30,0.25,0.0,0.25,0.25,0.1323527777777778,0.0006404655291915315,0.13104287869271106,0.13366267686284453,0.8676472222222222,0.0006404655291915323,0.8663373231371555,0.868957121307289,0.1373527777777778,0.0006404655291915317,0.13604287869271106,0.13866267686284453,0.13253291510811765,0.0008590466632769199,0.1307759674084085,0.13428986280782682,0.8678227642111516,0.0008485179058397004,0.8660873502382478,0.8695581781840553,0.13217723578884835,0.0008485179058397004,0.13044182181594463,0.13391264976175207,0.07753333333333333,0.0003897349854402573,0.07673623578853475,0.07833043087813191,0.5004472828927364,0.0009784223320264066,0.49844618453675144,0.5024483812487215,0.0,0.0,0.0,0.0,0.07878667799760093,0.00010317190970319391,0.07857566774964052,0.07899768824556135
0.25,random,30,0.25,0.0,0.25,0.25,0.18569166666666667,0.0008308021904722484,0.18399248539996405,0.1873908479333693,0.8143083333333332,0.000830802190472248,0.8126091520666305,0.8160075146000358,0.19069166666666665,0.0008308021904722483,0.18899248539996402,0.19239084793336927,0.18704657950271672,0.0009545395838392653,0.18509432685125965,0.1889988321541738,0.8156633723364607,0.001193462172782903,0.813222468123921,0.8181042765490004,0.18433662766353948,0.0011934621727829027,0.18189572345099977,0.18677753187607918,0.02419444444444445,0.0002532777884929726,0.023676433203724805,0.024712455685164093,0.2516571632000205,0.000522914873273393,0.2505876822008897,0.2527266441991513,0.24834271964303217,0.0005225242112117133,0.24727403763752998,0.24941140164853437,0.024665505513163453,0.00011702153548411684,0.024426169600023452,0.024904841426303455
0.25,uncertainty,30,0.25,0.0,0.25,0.25,0.1617972222222222,0.0007748406845408632,0.16021249508626884,0.16338194935817557,0.8382027777777777,0.0007748406845408645,0.8366180506418244,0.8397875049137311,0.16679722222222224,0.0007748406845408632,0.16521249508626887,0.1683819493581756,0.16262709709058193,0.0009625850503721383,0.16065838961248702,0.16459580456867684,0.8390270327853288,0.0010345235994174268,0.8369111944543144,0.8411428711163431,0.1609729672146712,0.0010345235994174268,0.15885712888365686,0.16308880554568553,0.04808888888888889,0.00028376497809398063,0.047508524344291946,0.04866925343348583,0.2496474785471675,0.0006703204066586863,0.24827651938174272,0.2510184377125923,0.25036714016946365,0.0006735446773485659,0.24898958663004966,0.25174469370887764,0.04894385261028145,0.00014577846260329128,0.04864570217738067,0.049242003043182235
0.3,learned_value,30,0.30000000000000004,1.0308162000485891e-17,0.30000000000000004,0.30000000000000004,0.1260138888888889,0.0006423248022253638,0.12470018716350056,0.12732759061427723,0.8739861111111114,0.000642324802225365,0.872672409385723,0.8752998128364997,0.1320138888888889,0.0006423248022253642,0.13070018716350057,0.13332759061427724,0.12669154029276408,0.0009531318359493141,0.12474216680902019,0.128640913776508,0.8746505676589524,0.000826366561731825,0.8729604582716313,0.8763406770462736,0.12534943234104753,0.000826366561731825,0.12365932295372632,0.12703954172836876,0.08387222222222222,0.00043254668749945614,0.08298756491534202,0.08475687952910242,0.6005367394712837,0.0011741067984316885,0.5981354214441017,0.6029380574984657,0.0,0.0,0.0,0.0,0.08521257772097658,0.00016848350762569368,0.08486799025697002,0.08555716518498314
0.3,oracle_decision_value,30,0.30000000000000004,1.0308162000485891e-17,0.30000000000000004,0.30000000000000004,0.12493333333333334,0.0006253657933393285,0.12365431667561991,0.12621234999104677,0.8750666666666668,0.0006253657933393271,0.8737876500089533,0.8763456833243802,0.13093333333333335,0.0006253657933393289,0.1296543166756199,0.13221234999104678,0.12526771142427534,0.0008649338234285296,0.12349872313011614,0.12703669971843454,0.8753933014517735,0.0008087904336576187,0.8737391392825836,0.8770474636209634,0.12460669854822616,0.0008087904336576187,0.12295253637903623,0.12626086071741607,0.08495277777777778,0.0004402462762338384,0.0840523730437858,0.08585318251176977,0.6005367394712837,0.0011741067984316885,0.5981354214441017,0.6029380574984657,0.0,0.0,0.0,0.0,0.08622996840741029,0.00013288095052286364,0.08595819634852617,0.08650174046629441
0.3,random,30,0.30000000000000004,1.0308162000485891e-17,0.30000000000000004,0.30000000000000004,0.18063055555555554,0.0008076668395521872,0.17897869139433578,0.1822824197167753,0.8193694444444445,0.0008076668395521862,0.8177175802832247,0.8210213086056642,0.18663055555555555,0.0008076668395521872,0.1849786913943358,0.1882824197167753,0.1818358116039895,0.0009300394346241381,0.1799336673839439,0.18373795582403513,0.820569065032456,0.0011831438343543569,0.8181492641915279,0.822988865873384,0.17943093496754392,0.0011831438343543567,0.17701113412661584,0.181850735808472,0.029255555555555552,0.0002833145512518608,0.02867611223728772,0.029834998873823383,0.30150671987453254,0.0006107166816008509,0.30025766401437753,0.30275577573468754,0.2984917957876249,0.0006103731101696652,0.2972434426099452,0.29974014896530465,0.02957009140137166,0.00014418544017878686,0.029275199065154054,0.02986498373758927
0.3,uncertainty,30,0.30000000000000004,1.0308162000485891e-17,0.30000000000000004,0.30000000000000004,0.15456944444444443,0.0007586672808267271,0.15301779563318138,0.15612109325570747,0.8454305555555556,0.0007586672808267262,0.8438789067442926,0.8469822043668186,0.16056944444444443,0.0007586672808267271,0.15901779563318139,0.16212109325570748,0.15517864886309837,0.0009363137058632534,0.1532636723175317,0.15709362540866503,0.846032491519011,0.0009881809155435125,0.8440114346187516,0.8480535484192705,0.15396750848098897,0.0009881809155435127,0.15194645158072956,0.1559885653812484,0.05531666666666667,0.00032035062208898087,0.054661476078494635,0.0559718572548387,0.2992629456900164,0.0007315717443164005,0.2977667134731938,0.300759177906839,0.30074892711844725,0.0007328163606901772,0.2992501493753239,0.3022477048615706,0.05627156364448731,0.0001555766131603258,0.055953373743629194,0.05658975354534542
0.4,learned_value,30,0.40000000000000013,2.0616324000971782e-17,0.4000000000000001,0.4000000000000002,0.116975,0.0005991313156006228,0.11574963887380364,0.11820036112619635,0.8830249999999998,0.0005991313156006251,0.8817996388738035,0.8842503611261961,0.124975,0.000599131315600623,0.12374963887380365,0.12620036112619637,0.1172300967111766,0.0007894621438149506,0.11561546533330463,0.11884472808904856,0.8832740361106439,0.0007745426085792935,0.8816899186084828,0.8848581536128051,0.11672596388935608,0.0007745426085792935,0.11514184638719492,0.11831008139151723,0.09291111111111111,0.0004595887253938607,0.0919711466267456,0.09385107559547662,0.8000283604225302,0.0015429549628907808,0.7968726631959503,0.8031840576491102,0.0006796370113186153,0.00034280145093581706,-2.147067750141716e-05,0.0013807447001386477,0.09448972333780707,0.00017929771715111782,0.09412301833192288,0.09485642834369126
0.4,oracle_decision_value,30,0.40000000000000013,2.0616324000971782e-17,0.4000000000000001,0.4000000000000002,0.11625833333333335,0.0005807599229652519,0.11507054592392212,0.11744612074274459,0.8837416666666668,0.0005807599229652523,0.8825538792572555,0.884929454076078,0.12425833333333333,0.0005807599229652524,0.1230705459239221,0.12544612074274458,0.11650286931863822,0.0007911025560291809,0.1148848829210804,0.11812085571619604,0.8839791904554455,0.0008096926631370428,0.8823231830197802,0.8856351978911108,0.11602080954455442,0.0008096926631370428,0.11436480210888916,0.11767681698021967,0.09362777777777777,0.0004677794159107116,0.09267106145037766,0.09458449410517787,0.8007156526283783,0.0015654757312422503,0.7975138952588022,0.8039174099979544,0.0,0.0,0.0,0.0,0.09517583169533766,0.00018721478195827238,0.09479293447383119,0.09555872891684414
0.4,random,30,0.40000000000000013,2.0616324000971782e-17,0.4000000000000001,0.4000000000000002,0.17098333333333338,0.0007790192609557065,0.16939006004903445,0.1725766066176323,0.8290166666666667,0.0007790192609557086,0.8274233933823678,0.8306099399509657,0.17898333333333338,0.0007790192609557065,0.17739006004903446,0.1805766066176323,0.1720859000673218,0.000856095478267807,0.1703349882186727,0.1738368119159709,0.8301173064186679,0.0011473968199167122,0.8277706164312855,0.8324639964060503,0.16988269358133207,0.001147396819916712,0.1675360035939496,0.17222938356871453,0.03890277777777777,0.0002918946381464201,0.038305786211461114,0.03949976934409443,0.402090682851577,0.0007197708578822249,0.400618586157493,0.403562779545661,0.3979077752282287,0.0007181449718029795,0.39643900384454867,0.3993765466119087,0.03943356128217124,0.00016323682314184855,0.03909970449279396,0.039767418071548516
0.4,uncertainty,30,0.40000000000000013,2.0616324000971782e-17,0.4000000000000001,0.4000000000000002,0.14226944444444445,0.0007023346777529124,0.14083300874280646,0.14370588014608243,0.8577305555555556,0.0007023346777529135,0.8562941198539176,0.8591669912571935,0.15026944444444446,0.0007023346777529124,0.14883300874280647,0.15170588014608244,0.1425606886203362,0.0008971770586290508,0.14072575550578661,0.14439562173488577,0.858013685984466,0.0009401693082882114,0.8560908238465316,0.8599365481224005,0.1419863140155339,0.0009401693082882114,0.14006345187759947,0.14390917615346835,0.06761666666666666,0.0003719833968197762,0.06685587519710964,0.06837745813622367,0.3989452634789546,0.0007451090070820236,0.3974213444510504,0.4004691825068588,0.40107430733694205,0.0007433900621655577,0.39955390394613416,0.40259471072774994,0.06879008931400495,0.00015885842151214266,0.0684651873614259,0.06911499126658399
0.5,learned_value,30,0.5,0.0,0.5,0.5,0.11379444444444446,0.0005822613759465027,0.1126035862188897,0.11498530266999922,0.8862055555555555,0.0005822613759465016,0.8850146973300007,0.8873964137811102,0.12379444444444444,0.0005822613759465029,0.12260358621888968,0.1249853026699992,0.11405078417913754,0.0008023631056309875,0.11240976737174739,0.11569180098652769,0.8864524515556494,0.0008391149390968443,0.8847362688090522,0.8881686343022467,0.11354754844435071,0.0008391149390968444,0.11183136569775347,0.11526373119094795,0.09609166666666667,0.0004591789482472061,0.09515254027066816,0.09703079306266518,0.9765253990104428,0.0024822439201672656,0.971448640165913,0.9816021578549725,0.024269273867384353,0.0021299308355592324,0.019913076186806135,0.02862547154796257,0.0978064857374354,0.0002207740511163169,0.0973549521038786,0.09825801937099221
0.5,oracle_decision_value,30,0.5,0.0,0.5,0.5,0.11362777777777779,0.0005834801858574186,0.1124344268060651,0.11482112874949048,0.8863722222222221,0.0005834801858574178,0.8851788712505094,0.8875655731939348,0.12362777777777777,0.0005834801858574191,0.12243442680606507,0.12482112874949046,0.1138793236285897,0.0008070869863126673,0.11222864540040348,0.11553000185677592,0.8866139918387439,0.0008508975151490781,0.8848737110183439,0.8883542726591439,0.11338600816125612,0.000850897515149078,0.11164572734085616,0.11512628898165607,0.09625833333333332,0.00045553131652176974,0.09532666718186326,0.09718999948480338,0.9959404715013158,0.0009994238321886844,0.9938964202546696,0.997984522747962,0.004825973869025164,0.001152638180931449,0.002468564094730247,0.007183383643320081,0.09797697158290856,0.0002297142293022343,0.09750715323191997,0.09844678993389716
0.5,random,30,0.5,0.0,0.5,0.5,0.1613305555555555,0.0007836072250172218,0.15972789883116092,0.16293321227995008,0.8386694444444446,0.0007836072250172225,0.83706678772005,0.8402721011688391,0.1713305555555556,0.0007836072250172217,0.16972789883116102,0.17293321227995018,0.16218534731242962,0.0009172051143923513,0.16030945222455867,0.16406124240030057,0.839517340845261,0.0011116368882485089,0.837243788130127,0.8417908935603949,0.160482659154739,0.0011116368882485089,0.15820910643960498,0.16275621186987302,0.04855555555555555,0.00027149994100384567,0.04800027582837721,0.0491108352827339,0.5015854277247586,0.0007306809457631841,0.5000910173955422,0.5030798380539749,0.49841265575425425,0.0007254548569919675,0.4969289339767051,0.4998963775318034,0.04921122834143931,0.0001735598641459383,0.04885625856260351,0.04956619812027511
0.5,uncertainty,30,0.5,0.0,0.5,0.5,0.13245,0.0006945509496871822,0.13102948380972837,0.13387051619027165,0.86755,0.0006945509496871815,0.8661294838097284,0.8689705161902717,0.14245000000000005,0.0006945509496871824,0.1410294838097284,0.1438705161902717,0.13262927311560052,0.0009130073974579665,0.13076196332283305,0.134496582908368,0.8677238996493313,0.000883855553211153,0.8659162120725402,0.8695315872261223,0.13227610035066875,0.000883855553211153,0.1304684127738777,0.1340837879274598,0.07743611111111111,0.0003951874309449145,0.0766278620631443,0.07824436015907792,0.4993372282054894,0.0008906366539088515,0.49751567172054517,0.5011587846904337,0.5006761186564757,0.0008934926961869899,0.49884872090920496,0.5025035164037464,0.07870051408815212,0.0001886974936260805,0.07831458438079192,0.07908644379551233
0.6,learned_value,30,0.6000000000000001,2.0616324000971782e-17,0.6000000000000001,0.6000000000000001,0.11366388888888891,0.0005791376661519229,0.11247941936719945,0.11484835841057837,0.886336111111111,0.0005791376661519219,0.8851516415894215,0.8875205806328005,0.12566388888888888,0.0005791376661519236,0.12447941936719942,0.12684835841057834,0.11390650836672936,0.0008021375455081295,0.11226595288158857,0.11554706385187015,0.8865695634969042,0.0008368059978115783,0.8848581030654655,0.8882810239283428,0.11343043650309578,0.0008368059978115783,0.11171897607165711,0.11514189693453446,0.09622222222222224,0.0004591091193630698,0.09528323864232745,0.09716120580211703,0.9922155245081975,0.00244476985585993,0.9872154087308003,0.9972156402855947,0.20834393198633855,0.0027441667783977756,0.2027314807482036,0.2139563832244735,0.09793274978179381,0.00022838394734468425,0.09746565216289718,0.09839984740069044
0.6,oracle_decision_value,30,0.6000000000000001,2.0616324000971782e-17,0.6000000000000001,0.6000000000000001,0.11361111111111111,0.0005848001991125495,0.11241506040916101,0.1148071618130612,0.8863888888888888,0.0005848001991125486,0.8851928381869387,0.8875849395908388,0.12561111111111112,0.0005848001991125502,0.12441506040916102,0.1268071618130612,0.11385161938674845,0.000809184645628268,0.11219665096355087,0.11550658780994603,0.8866195969057244,0.0008516530577700386,0.8848777708271602,0.8883614229842887,0.11338040309427558,0.0008516530577700386,0.11163857701571134,0.11512222917283982,0.09627500000000001,0.0004551421472482949,0.09534412978906387,0.09720587021093616,1.0,0.0,1.0,1.0,0.20053855795078335,0.0015523950704865962,0.19736355353632348,0.2037135623652432,0.09798306930467217,0.00023101446838068087,0.09751059166617847,0.09845554694316587
0.6,random,30,0.6000000000000001,2.0616324000971782e-17,0.6000000000000001,0.6000000000000001,0.15160277777777778,0.0007723333322309255,0.15002317875309196,0.1531823768024636,0.8483972222222221,0.0007723333322309251,0.8468176231975363,0.849976821246908,0.16360277777777776,0.0007723333322309255,0.16202317875309194,0.1651823768024636,0.15246093215771858,0.0009121270122880284,0.15059542295479716,0.15432644136064,0.849249926951689,0.001061449069709068,0.8470790198507058,0.8514208340526722,0.15075007304831126,0.0010614490697090683,0.1485791659473281,0.15292098014929442,0.05828333333333333,0.0003078008760714384,0.05765380985771761,0.05891285680894905,0.6016043000199028,0.0007117167910576518,0.6001486757420281,0.6030599242977775,0.5984082433842048,0.0007055101965885322,0.5969653130173151,0.5998511737510945,0.05902973981872909,0.0001921631702390943,0.0586367220068299,0.05942275763062828
0.6,uncertainty,30,0.6000000000000001,2.0616324000971782e-17,0.6000000000000001,0.6000000000000001,0.12502222222222223,0.0006556432177247693,0.12368128127866826,0.1263631631657762,0.8749777777777777,0.0006556432177247684,0.8736368368342238,0.8763187187213317,0.13702222222222227,0.0006556432177247696,0.1356812812786683,0.13836316316577624,0.12537908205067105,0.0008923341576505612,0.12355405378075661,0.12720411032058548,0.8753274377020409,0.000839939582851257,0.8736095683695929,0.8770453070344889,0.12467256229795912,0.0008399395828512571,0.12295469296551115,0.12639043163040709,0.08486388888888889,0.0004395531250780251,0.08396490180818725,0.08576287596959054,0.5994298010002823,0.0009521872021955403,0.5974823595094926,0.601377242491072,0.6006007736469733,0.0009507272498016563,0.5986563180940956,0.602545229199851,0.08616935425652694,0.0002010737760315219,0.08575811220953172,0.08658059630352216
0.75,learned_value,30,0.75,0.0,0.75,0.75,0.11366388888888891,0.0005791376661519229,0.11247941936719945,0.11484835841057837,0.886336111111111,0.0005791376661519219,0.8851516415894215,0.8875205806328005,0.12866388888888888,0.000579137666151923,0.12747941936719942,0.12984835841057835,0.11390650836672936,0.0008021375455081295,0.11226595288158857,0.11554706385187015,0.8865695634969042,0.0008368059978115783,0.8848581030654655,0.8882810239283428,0.11343043650309578,0.0008368059978115783,0.11171897607165711,0.11514189693453446,0.09622222222222224,0.0004591091193630698,0.09528323864232745,0.09716120580211703,0.9922155245081975,0.00244476985585993,0.9872154087308003,0.9972156402855947,0.5081419727547948,0.002531167344814465,0.502965154271982,0.5133187912376076,0.09793274978179381,0.00022838394734468425,0.09746565216289718,0.09839984740069044
0.75,oracle_decision_value,30,0.75,0.0,0.75,0.75,0.11361111111111111,0.0005848001991125495,0.11241506040916101,0.1148071618130612,0.8863888888888888,0.0005848001991125486,0.8851928381869387,0.8875849395908388,0.12861111111111112,0.0005848001991125497,0.12741506040916104,0.1298071618130612,0.11385161938674845,0.000809184645628268,0.11219665096355087,0.11550658780994603,0.8866195969057244,0.0008516530577700386,0.8848777708271602,0.8883614229842887,0.11338040309427558,0.0008516530577700386,0.11163857701571134,0.11512222917283982,0.09627500000000001,0.0004551421472482949,0.09534412978906387,0.09720587021093616,1.0,0.0,1.0,1.0,0.5003365987192396,0.0009702469190541218,0.4983522209602022,0.502320976478277,0.09798306930467217,0.00023101446838068087,0.09751059166617847,0.09845554694316587
0.75,random,30,0.75,0.0,0.75,0.75,0.13728333333333334,0.0007005357373359352,0.1358505768779606,0.1387160897887061,0.8627166666666665,0.0007005357373359339,0.8612839102112937,0.8641494231220392,0.1522833333333333,0.0007005357373359355,0.15085057687796055,0.15371608978870605,0.13769552873404617,0.0008796183354802574,0.13589650724055852,0.13949455022753382,0.8631216276527144,0.0009097859542001752,0.8612609064511882,0.8649823488542405,0.13687837234728584,0.0009097859542001752,0.13501765114575964,0.13873909354881203,0.07260277777777778,0.00036831923252194135,0.07184948036565633,0.07335607518989923,0.7519462543319041,0.0007472910092538613,0.7504178726084788,0.7534746360553294,0.7480704353554751,0.0007380496764297758,0.7465609542798745,0.7495799164310758,0.073612687582006,0.00021266398279514218,0.07317774090057937,0.07404763426343262
0.75,uncertainty,30,0.75,0.0,0.75,0.75,0.117825,0.0006009298616270843,0.11659596043415758,0.11905403956584241,0.8821750000000002,0.0006009298616270842,0.8809459604341577,0.8834040395658426,0.132825,0.0006009298616270846,0.13159596043415758,0.13405403956584241,0.11805843115078643,0.0008145457237977068,0.11639249809160292,0.11972436420996994,0.8824004459553982,0.0008084811792549074,0.8807469162824797,0.8840539756283168,0.11759955404460166,0.0008084811792549074,0.11594602437168312,0.1192530837175202,0.09206111111111114,0.0004697580511812849,0.09110034802020468,0.09302187420201759,0.7497372424588851,0.0008380738274497397,0.7480231890246892,0.7514512958930809,0.7502843210439264,0.0008352782809849987,0.7485759851442262,0.7519926569436266,0.09356502022285594,0.00022363127085040584,0.09310764291880488,0.094022397526907
1.0,learned_value,30,1.0,0.0,1.0,1.0,0.11361111111111111,0.0005848001991125495,0.11241506040916101,0.1148071618130612,0.8863888888888888,0.0005848001991125486,0.8851928381869387,0.8875849395908388,0.13361111111111112,0.0005848001991125492,0.13241506040916104,0.1348071618130612,0.11385161938674845,0.000809184645628268,0.11219665096355087,0.11550658780994603,0.8866195969057244,0.0008516530577700386,0.8848777708271602,0.8883614229842887,0.11338040309427558,0.0008516530577700386,0.11163857701571134,0.11512222917283982,0.09627500000000001,0.0004551421472482949,0.09534412978906387,0.09720587021093616,1.0,0.0,1.0,1.0,1.0,0.0,1.0,1.0,0.09798306930467217,0.00023101446838068087,0.09751059166617847,0.09845554694316587
1.0,oracle_decision_value,30,1.0,0.0,1.0,1.0,0.11361111111111111,0.0005848001991125495,0.11241506040916101,0.1148071618130612,0.8863888888888888,0.0005848001991125486,0.8851928381869387,0.8875849395908388,0.13361111111111112,0.0005848001991125492,0.13241506040916104,0.1348071618130612,0.11385161938674845,0.000809184645628268,0.11219665096355087,0.11550658780994603,0.8866195969057244,0.0008516530577700386,0.8848777708271602,0.8883614229842887,0.11338040309427558,0.0008516530577700386,0.11163857701571134,0.11512222917283982,0.09627500000000001,0.0004551421472482949,0.09534412978906387,0.09720587021093616,1.0,0.0,1.0,1.0,1.0,0.0,1.0,1.0,0.09798306930467217,0.00023101446838068087,0.09751059166617847,0.09845554694316587
1.0,random,30,1.0,0.0,1.0,1.0,0.11361111111111111,0.0005848001991125495,0.11241506040916101,0.1148071618130612,0.8863888888888888,0.0005848001991125486,0.8851928381869387,0.8875849395908388,0.13361111111111112,0.0005848001991125492,0.13241506040916104,0.1348071618130612,0.11385161938674845,0.000809184645628268,0.11219665096355087,0.11550658780994603,0.8866195969057244,0.0008516530577700386,0.8848777708271602,0.8883614229842887,0.11338040309427558,0.0008516530577700386,0.11163857701571134,0.11512222917283982,0.09627500000000001,0.0004551421472482949,0.09534412978906387,0.09720587021093616,1.0,0.0,1.0,1.0,1.0,0.0,1.0,1.0,0.09798306930467217,0.00023101446838068087,0.09751059166617847,0.09845554694316587
1.0,uncertainty,30,1.0,0.0,1.0,1.0,0.11361111111111111,0.0005848001991125495,0.11241506040916101,0.1148071618130612,0.8863888888888888,0.0005848001991125486,0.8851928381869387,0.8875849395908388,0.13361111111111112,0.0005848001991125492,0.13241506040916104,0.1348071618130612,0.11385161938674845,0.000809184645628268,0.11219665096355087,0.11550658780994603,0.8866195969057244,0.0008516530577700386,0.8848777708271602,0.8883614229842887,0.11338040309427558,0.0008516530577700386,0.11163857701571134,0.11512222917283982,0.09627500000000001,0.0004551421472482949,0.09534412978906387,0.09720587021093616,1.0,0.0,1.0,1.0,1.0,0.0,1.0,1.0,0.09798306930467217,0.00023101446838068087,0.09751059166617847,0.09845554694316587
