policy,family,budget_fraction,budget_ms,seed,rows,recall,false_positive_rate,mean_total_cost_ms,acquisition_rate
current_error_prediction,HistGradientBoostingClassifier,0.1,414.045939238779,1729,1687,0.36082474226804123,0.042263610315186245,428.8138834605809,0.06876111440426794
current_error_prediction,HistGradientBoostingClassifier,0.1,414.045939238779,2718,1687,0.3230240549828179,0.042263610315186245,412.4612823455838,0.06698280972139893
current_error_prediction,HistGradientBoostingClassifier,0.1,414.045939238779,3141,1687,0.3161512027491409,0.03510028653295129,405.0267315684647,0.06461173681090694
current_error_prediction,HistGradientBoostingClassifier,0.1,414.045939238779,5772,1687,0.31958762886597936,0.03868194842406877,416.12667050622406,0.06461173681090694
current_error_prediction,HistGradientBoostingClassifier,0.1,414.045939238779,8111,1687,0.3436426116838488,0.03939828080229226,422.06023158506224,0.07113218731475993
current_error_prediction,HistGradientBoostingClassifier,0.2,784.3103203689628,1729,1687,0.4639175257731959,0.0336676217765043,789.7390427101363,0.15293420272673386
current_error_prediction,HistGradientBoostingClassifier,0.2,784.3103203689628,2718,1687,0.48109965635738833,0.034383954154727794,784.7325363941908,0.15234143449911083
current_error_prediction,HistGradientBoostingClassifier,0.2,784.3103203689628,3141,1687,0.47079037800687284,0.02865329512893983,781.9024769792532,0.14878482513337285
current_error_prediction,HistGradientBoostingClassifier,0.2,784.3103203689628,5772,1687,0.4742268041237113,0.02865329512893983,779.0406660438649,0.15174866627148784
current_error_prediction,HistGradientBoostingClassifier,0.2,784.3103203689628,8111,1687,0.46735395189003437,0.03008595988538682,784.803326969176,0.15234143449911083
current_error_prediction,HistGradientBoostingClassifier,0.3,1154.5747014991466,1729,1687,0.5979381443298969,0.02865329512893983,1164.7718866277417,0.24303497332542975
current_error_prediction,HistGradientBoostingClassifier,0.3,1154.5747014991466,2718,1687,0.6082474226804123,0.0329512893982808,1161.6518656804978,0.24066390041493776
current_error_prediction,HistGradientBoostingClassifier,0.3,1154.5747014991466,3141,1687,0.6116838487972509,0.027220630372492838,1153.4742162874925,0.23651452282157676
current_error_prediction,HistGradientBoostingClassifier,0.3,1154.5747014991466,5772,1687,0.584192439862543,0.027936962750716332,1160.0000762904563,0.24066390041493776
current_error_prediction,HistGradientBoostingClassifier,0.3,1154.5747014991466,8111,1687,0.5945017182130584,0.027220630372492838,1151.6800231612328,0.24066390041493776
current_error_prediction,HistGradientBoostingClassifier,0.5,1895.1034637595142,1729,1687,0.7525773195876289,0.03510028653295129,1889.935382345584,0.42738589211618255
current_error_prediction,HistGradientBoostingClassifier,0.5,1895.1034637595142,2718,1687,0.7353951890034365,0.03581661891117478,1884.2543411031418,0.4202726733847066
current_error_prediction,HistGradientBoostingClassifier,0.5,1895.1034637595142,3141,1687,0.7800687285223368,0.03510028653295129,1889.534553915827,0.4214582098399526
current_error_prediction,HistGradientBoostingClassifier,0.5,1895.1034637595142,5772,1687,0.7731958762886598,0.036532951289398284,1903.34794869591,0.42916419679905154
current_error_prediction,HistGradientBoostingClassifier,0.5,1895.1034637595142,8111,1687,0.7594501718213058,0.03510028653295129,1907.5227727664494,0.42501481920569056
current_error_prediction,HistGradientBoostingClassifier,0.75,2820.764416584974,1729,1687,0.8350515463917526,0.04154727793696275,2815.698229698874,0.6745702430349734
current_error_prediction,HistGradientBoostingClassifier,0.75,2820.764416584974,2718,1687,0.8316151202749141,0.04369627507163324,2822.182027465323,0.6751630112625964
current_error_prediction,HistGradientBoostingClassifier,0.75,2820.764416584974,3141,1687,0.8419243986254296,0.04656160458452722,2819.0846633526967,0.6769413159454654
current_error_prediction,HistGradientBoostingClassifier,0.75,2820.764416584974,5772,1687,0.8419243986254296,0.04727793696275072,2817.1227877735623,0.6704208654416123
current_error_prediction,HistGradientBoostingClassifier,0.75,2820.764416584974,8111,1687,0.8384879725085911,0.04369627507163324,2817.796591489034,0.6680497925311203
current_error_prediction,HistGradientBoostingClassifier,1.0,3746.425369410433,1729,1687,0.852233676975945,0.044412607449856735,3741.6255545127447,0.967397747480735
current_error_prediction,HistGradientBoostingClassifier,1.0,3746.425369410433,2718,1687,0.852233676975945,0.04512893982808023,3742.029737641375,0.967397747480735
current_error_prediction,HistGradientBoostingClassifier,1.0,3746.425369410433,3141,1687,0.8556701030927835,0.0494269340974212,3748.9765298304683,0.970954356846473
current_error_prediction,HistGradientBoostingClassifier,1.0,3746.425369410433,5772,1687,0.8625429553264605,0.0494269340974212,3745.2499518144637,0.968583283935981
current_error_prediction,HistGradientBoostingClassifier,1.0,3746.425369410433,8111,1687,0.8625429553264605,0.045845272206303724,3741.815272586841,0.967397747480735
current_error_prediction,LogisticRegression,0.1,414.045939238779,1729,1687,0.29896907216494845,0.042263610315186245,416.72826410195614,0.06579727326615294
current_error_prediction,LogisticRegression,0.1,414.045939238779,2718,1687,0.3161512027491409,0.04297994269340974,418.6535773977475,0.06520450503852994
current_error_prediction,LogisticRegression,0.1,414.045939238779,3141,1687,0.3127147766323024,0.04512893982808023,418.20406014819207,0.06579727326615294
current_error_prediction,LogisticRegression,0.1,414.045939238779,5772,1687,0.32646048109965636,0.04369627507163324,424.07144833017185,0.06816834617664493
current_error_prediction,LogisticRegression,0.1,414.045939238779,8111,1687,0.30584192439862545,0.042263610315186245,417.9558574285715,0.06639004149377593
current_error_prediction,LogisticRegression,0.2,784.3103203689628,1729,1687,0.45017182130584193,0.0329512893982808,784.4643665305275,0.15056312981624184
current_error_prediction,LogisticRegression,0.2,784.3103203689628,2718,1687,0.47079037800687284,0.03581661891117478,788.1970850302312,0.15056312981624184
current_error_prediction,LogisticRegression,0.2,784.3103203689628,3141,1687,0.44673539518900346,0.036532951289398284,796.9228886757558,0.15115589804386484
current_error_prediction,LogisticRegression,0.2,784.3103203689628,5772,1687,0.47766323024054985,0.03581661891117478,794.211975327208,0.15115589804386484
current_error_prediction,LogisticRegression,0.2,784.3103203689628,8111,1687,0.45017182130584193,0.032234957020057305,784.3490153319502,0.14878482513337285
current_error_prediction,LogisticRegression,0.3,1154.5747014991466,1729,1687,0.5807560137457045,0.02865329512893983,1155.2884473005336,0.23829282750444578
current_error_prediction,LogisticRegression,0.3,1154.5747014991466,2718,1687,0.584192439862543,0.036532951289398284,1153.393585889745,0.23829282750444578
current_error_prediction,LogisticRegression,0.3,1154.5747014991466,3141,1687,0.5532646048109966,0.03581661891117478,1160.7613287682277,0.23829282750444578
current_error_prediction,LogisticRegression,0.3,1154.5747014991466,5772,1687,0.5945017182130584,0.03939828080229226,1170.6969328998223,0.24362774155305275
current_error_prediction,LogisticRegression,0.3,1154.5747014991466,8111,1687,0.5532646048109966,0.032234957020057305,1158.2632788630706,0.23829282750444578
current_error_prediction,LogisticRegression,0.5,1895.1034637595142,1729,1687,0.7216494845360825,0.036532951289398284,1889.7178571221104,0.4214582098399526
current_error_prediction,LogisticRegression,0.5,1895.1034637595142,2718,1687,0.7147766323024055,0.03796561604584527,1896.1129405898043,0.42620035566093656
current_error_prediction,LogisticRegression,0.5,1895.1034637595142,3141,1687,0.7216494845360825,0.04011461318051576,1893.6760118879668,0.4214582098399526
current_error_prediction,LogisticRegression,0.5,1895.1034637595142,5772,1687,0.7319587628865979,0.03581661891117478,1891.8877216378187,0.42501481920569056
current_error_prediction,LogisticRegression,0.5,1895.1034637595142,8111,1687,0.718213058419244,0.034383954154727794,1897.2662525939538,0.42916419679905154
current_error_prediction,LogisticRegression,0.75,2820.764416584974,1729,1687,0.8316151202749141,0.04154727793696275,2818.8454851606402,0.6769413159454654
current_error_prediction,LogisticRegression,0.75,2820.764416584974,2718,1687,0.8109965635738832,0.04011461318051576,2824.0362651155897,0.6822762299940723
current_error_prediction,LogisticRegression,0.75,2820.764416584974,3141,1687,0.8178694158075601,0.04512893982808023,2825.685142946058,0.6793123888559573
current_error_prediction,LogisticRegression,0.75,2820.764416584974,5772,1687,0.8316151202749141,0.04512893982808023,2824.472643736811,0.6793123888559573
current_error_prediction,LogisticRegression,0.75,2820.764416584974,8111,1687,0.8144329896907216,0.04154727793696275,2817.5221685364554,0.6775340841730884
current_error_prediction,LogisticRegression,1.0,3746.425369410433,1729,1687,0.852233676975945,0.04512893982808023,3743.5521496804977,0.977474807350326
current_error_prediction,LogisticRegression,1.0,3746.425369410433,2718,1687,0.852233676975945,0.044412607449856735,3752.6703342981627,0.980438648488441
current_error_prediction,LogisticRegression,1.0,3746.425369410433,3141,1687,0.8556701030927835,0.04871060171919771,3736.529259403675,0.974510966212211
current_error_prediction,LogisticRegression,1.0,3746.425369410433,5772,1687,0.8625429553264605,0.04871060171919771,3748.3658064931833,0.979253112033195
current_error_prediction,LogisticRegression,1.0,3746.425369410433,8111,1687,0.8625429553264605,0.04512893982808023,3747.51984506639,0.974510966212211
current_error_prediction,RandomForestClassifier,0.1,414.045939238779,1729,1687,0.2646048109965636,0.034383954154727794,405.536276764671,0.056312981624184945
current_error_prediction,RandomForestClassifier,0.1,414.045939238779,2718,1687,0.3024054982817869,0.04011461318051576,419.8325149875519,0.05749851807943094
current_error_prediction,RandomForestClassifier,0.1,414.045939238779,3141,1687,0.2852233676975945,0.0336676217765043,418.9020150823947,0.058091286307053944
current_error_prediction,RandomForestClassifier,0.1,414.045939238779,5772,1687,0.27835051546391754,0.03151862464183381,417.90232727445164,0.06105512744516894
current_error_prediction,RandomForestClassifier,0.1,414.045939238779,8111,1687,0.2852233676975945,0.03724928366762178,415.2932429069354,0.06105512744516894
current_error_prediction,RandomForestClassifier,0.2,784.3103203689628,1729,1687,0.4329896907216495,0.025787965616045846,792.0463009697689,0.14285714285714285
current_error_prediction,RandomForestClassifier,0.2,784.3103203689628,2718,1687,0.4261168384879725,0.027220630372492838,778.3179976390043,0.14285714285714285
current_error_prediction,RandomForestClassifier,0.2,784.3103203689628,3141,1687,0.39862542955326463,0.022922636103151862,789.7930362708952,0.14522821576763487
current_error_prediction,RandomForestClassifier,0.2,784.3103203689628,5772,1687,0.42955326460481097,0.025787965616045846,778.2317476846473,0.14344991108476585
current_error_prediction,RandomForestClassifier,0.2,784.3103203689628,8111,1687,0.436426116838488,0.027936962750716332,781.6041321369296,0.14463544754001187
current_error_prediction,RandomForestClassifier,0.3,1154.5747014991466,1729,1687,0.563573883161512,0.02363896848137536,1154.3409719270896,0.23295791345583877
current_error_prediction,RandomForestClassifier,0.3,1154.5747014991466,2718,1687,0.563573883161512,0.029369627507163324,1159.4476128174274,0.23295791345583877
current_error_prediction,RandomForestClassifier,0.3,1154.5747014991466,3141,1687,0.5395189003436426,0.025071633237822348,1148.978534171903,0.22821576763485477
current_error_prediction,RandomForestClassifier,0.3,1154.5747014991466,5772,1687,0.563573883161512,0.024355300859598854,1161.6028726164789,0.23770005927682275
current_error_prediction,RandomForestClassifier,0.3,1154.5747014991466,8111,1687,0.5601374570446735,0.025071633237822348,1157.1339242027268,0.23177237700059278
current_error_prediction,RandomForestClassifier,0.5,1895.1034637595142,1729,1687,0.7319587628865979,0.0336676217765043,1912.0709418630704,0.4167160640189686
current_error_prediction,RandomForestClassifier,0.5,1895.1034637595142,2718,1687,0.718213058419244,0.034383954154727794,1892.1765380225252,0.4096028452874926
current_error_prediction,RandomForestClassifier,0.5,1895.1034637595142,3141,1687,0.7353951890034365,0.03724928366762178,1898.6920293775931,0.41197391819798457
current_error_prediction,RandomForestClassifier,0.5,1895.1034637595142,5772,1687,0.738831615120275,0.03724928366762178,1881.9186795566095,0.4107883817427386
current_error_prediction,RandomForestClassifier,0.5,1895.1034637595142,8111,1687,0.7319587628865979,0.03510028653295129,1890.874143360403,0.4084173088322466
current_error_prediction,RandomForestClassifier,0.75,2820.764416584974,1729,1687,0.8316151202749141,0.04297994269340974,2802.4156490432724,0.6526378186129224
current_error_prediction,RandomForestClassifier,0.75,2820.764416584974,2718,1687,0.8178694158075601,0.04154727793696275,2828.545715809722,0.6603438055720213
current_error_prediction,RandomForestClassifier,0.75,2820.764416584974,3141,1687,0.8384879725085911,0.04871060171919771,2816.065353558388,0.6556016597510373
current_error_prediction,RandomForestClassifier,0.75,2820.764416584974,5772,1687,0.8384879725085911,0.04799426934097421,2810.9634234143446,0.6556016597510373
current_error_prediction,RandomForestClassifier,0.75,2820.764416584974,8111,1687,0.8350515463917526,0.04369627507163324,2830.6831113361,0.6603438055720213
current_error_prediction,RandomForestClassifier,1.0,3746.425369410433,1729,1687,0.852233676975945,0.04512893982808023,3745.6815961547127,0.951393005334914
current_error_prediction,RandomForestClassifier,1.0,3746.425369410433,2718,1687,0.852233676975945,0.04512893982808023,3745.3824178251334,0.950800237107291
current_error_prediction,RandomForestClassifier,1.0,3746.425369410433,3141,1687,0.8556701030927835,0.0494269340974212,3751.6807025548314,0.9543568464730291
current_error_prediction,RandomForestClassifier,1.0,3746.425369410433,5772,1687,0.8625429553264605,0.0494269340974212,3746.7655073088326,0.951985773562537
current_error_prediction,RandomForestClassifier,1.0,3746.425369410433,8111,1687,0.8625429553264605,0.045845272206303724,3739.8356578731473,0.950207468879668
random_acquisition,sha256_seed_104729,0.1,414.045939238779,1729,1687,0.28865979381443296,0.04656160458452722,419.30770532353284,0.1019561351511559
random_acquisition,sha256_seed_104729,0.2,784.3103203689628,1729,1687,0.3642611683848797,0.04512893982808023,791.3659530194428,0.2009484291641968
random_acquisition,sha256_seed_104729,0.3,1154.5747014991466,1729,1687,0.4329896907216495,0.04656160458452722,1145.6659083075283,0.2981624184943687
random_acquisition,sha256_seed_104729,0.5,1895.1034637595142,1729,1687,0.563573883161512,0.04154727793696275,1906.7879603217548,0.5014819205690575
random_acquisition,sha256_seed_104729,0.75,2820.764416584974,1729,1687,0.711340206185567,0.04369627507163324,2814.097221118435,0.7498518079430943
random_acquisition,sha256_seed_130363,0.1,414.045939238779,2718,1687,0.28865979381443296,0.04871060171919771,427.18354026686427,0.1049199762892709
random_acquisition,sha256_seed_130363,0.2,784.3103203689628,2718,1687,0.3711340206185567,0.04512893982808023,781.7767665093065,0.2021339656194428
random_acquisition,sha256_seed_130363,0.3,1154.5747014991466,2718,1687,0.4261168384879725,0.04512893982808023,1154.0098146800237,0.2993479549496147
random_acquisition,sha256_seed_130363,0.5,1895.1034637595142,2718,1687,0.5601374570446735,0.04512893982808023,1897.1522094844102,0.4985180794309425
random_acquisition,sha256_seed_130363,0.75,2820.764416584974,2718,1687,0.711340206185567,0.0494269340974212,2815.757866454772,0.7474807350326023
random_acquisition,sha256_seed_155921,0.1,414.045939238779,3141,1687,0.2852233676975945,0.052292263610315186,418.3545920182573,0.10314167160640189
random_acquisition,sha256_seed_155921,0.2,784.3103203689628,3141,1687,0.32989690721649484,0.0508595988538682,796.2562171919385,0.2009484291641968
random_acquisition,sha256_seed_155921,0.3,1154.5747014991466,3141,1687,0.39862542955326463,0.052292263610315186,1146.390639487137,0.2975696502667457
random_acquisition,sha256_seed_155921,0.5,1895.1034637595142,3141,1687,0.5360824742268041,0.05659025787965616,1905.1743283484293,0.5038529934795495
random_acquisition,sha256_seed_155921,0.75,2820.764416584974,3141,1687,0.6907216494845361,0.0508595988538682,2818.4875103869595,0.7522228808535862
random_acquisition,sha256_seed_181081,0.1,414.045939238779,5772,1687,0.3127147766323024,0.05300859598853868,414.99034549448726,0.0989922940130409
random_acquisition,sha256_seed_181081,0.2,784.3103203689628,5772,1687,0.3711340206185567,0.05659025787965616,793.5521415110848,0.2050978067575578
random_acquisition,sha256_seed_181081,0.3,1154.5747014991466,5772,1687,0.45017182130584193,0.053724928366762174,1156.061524499822,0.2987551867219917
random_acquisition,sha256_seed_181081,0.5,1895.1034637595142,5772,1687,0.5670103092783505,0.04871060171919771,1904.9540395241258,0.5020746887966805
random_acquisition,sha256_seed_181081,0.75,2820.764416584974,5772,1687,0.7216494845360825,0.04871060171919771,2820.4107489556604,0.7510373443983402
random_acquisition,sha256_seed_205759,0.1,414.045939238779,8111,1687,0.281786941580756,0.05300859598853868,418.8787457018376,0.1001778304682869
random_acquisition,sha256_seed_205759,0.2,784.3103203689628,8111,1687,0.3745704467353952,0.05515759312320917,769.8231660598695,0.1991701244813278
random_acquisition,sha256_seed_205759,0.3,1154.5747014991466,8111,1687,0.42955326460481097,0.05659025787965616,1153.8832956253705,0.2999407231772377
random_acquisition,sha256_seed_205759,0.5,1895.1034637595142,8111,1687,0.5360824742268041,0.05157593123209169,1890.5739793396563,0.5002963841138115
random_acquisition,sha256_seed_205759,0.75,2820.764416584974,8111,1687,0.7079037800687286,0.05157593123209169,2822.9517240314167,0.7474807350326023
signed_value_cost_aware,HistGradientBoostingRegressor,0.1,414.045939238779,1729,1687,0.30584192439862545,0.032234957020057305,421.54761367457024,0.08535862477771192
signed_value_cost_aware,HistGradientBoostingRegressor,0.1,414.045939238779,2718,1687,0.3402061855670103,0.036532951289398284,415.291183887374,0.08061647895672792
signed_value_cost_aware,HistGradientBoostingRegressor,0.1,414.045939238779,3141,1687,0.31958762886597936,0.02650429799426934,422.6651565998814,0.08239478363959692
signed_value_cost_aware,HistGradientBoostingRegressor,0.1,414.045939238779,5772,1687,0.3436426116838488,0.03008595988538682,422.7381635109662,0.08476585655008892
signed_value_cost_aware,HistGradientBoostingRegressor,0.1,414.045939238779,8111,1687,0.3333333333333333,0.03008595988538682,415.26707961232955,0.08417308832246592
signed_value_cost_aware,HistGradientBoostingRegressor,0.2,784.3103203689628,1729,1687,0.422680412371134,0.024355300859598854,778.4882021582692,0.17842323651452283
signed_value_cost_aware,HistGradientBoostingRegressor,0.2,784.3103203689628,2718,1687,0.44673539518900346,0.02865329512893983,786.2927355157084,0.17605216360403084
signed_value_cost_aware,HistGradientBoostingRegressor,0.2,784.3103203689628,3141,1687,0.4536082474226804,0.02363896848137536,786.1932837919384,0.18020154119739182
signed_value_cost_aware,HistGradientBoostingRegressor,0.2,784.3103203689628,5772,1687,0.45017182130584193,0.027220630372492838,790.9359109508001,0.18435091879075283
signed_value_cost_aware,HistGradientBoostingRegressor,0.2,784.3103203689628,8111,1687,0.44673539518900346,0.02650429799426934,776.9877407142857,0.18020154119739182
signed_value_cost_aware,HistGradientBoostingRegressor,0.3,1154.5747014991466,1729,1687,0.5189003436426117,0.02865329512893983,1153.5961487842324,0.27504445761707175
signed_value_cost_aware,HistGradientBoostingRegressor,0.3,1154.5747014991466,2718,1687,0.5326460481099656,0.024355300859598854,1151.2102619146413,0.2720806164789567
signed_value_cost_aware,HistGradientBoostingRegressor,0.3,1154.5747014991466,3141,1687,0.5463917525773195,0.027936962750716332,1154.200176411381,0.27385892116182575
signed_value_cost_aware,HistGradientBoostingRegressor,0.3,1154.5747014991466,5772,1687,0.5395189003436426,0.025071633237822348,1150.4734794184944,0.27385892116182575
signed_value_cost_aware,HistGradientBoostingRegressor,0.3,1154.5747014991466,8111,1687,0.5360824742268041,0.02650429799426934,1156.5533201031417,0.27919383521043273
signed_value_cost_aware,HistGradientBoostingRegressor,0.5,1895.1034637595142,1729,1687,0.697594501718213,0.03008595988538682,1899.133122495554,0.4706579727326615
signed_value_cost_aware,HistGradientBoostingRegressor,0.5,1895.1034637595142,2718,1687,0.6701030927835051,0.027220630372492838,1902.467102240664,0.4724362774155305
signed_value_cost_aware,HistGradientBoostingRegressor,0.5,1895.1034637595142,3141,1687,0.6941580756013745,0.0329512893982808,1890.009363266153,0.46769413159454654
signed_value_cost_aware,HistGradientBoostingRegressor,0.5,1895.1034637595142,5772,1687,0.6838487972508591,0.03151862464183381,1904.6496456567872,0.46828689982216953
signed_value_cost_aware,HistGradientBoostingRegressor,0.5,1895.1034637595142,8111,1687,0.6769759450171822,0.032234957020057305,1902.5964089502074,0.4742145820983995
signed_value_cost_aware,HistGradientBoostingRegressor,0.75,2820.764416584974,1729,1687,0.7938144329896907,0.03510028653295129,2814.2515559282747,0.7131001778304683
signed_value_cost_aware,HistGradientBoostingRegressor,0.75,2820.764416584974,2718,1687,0.7628865979381443,0.03724928366762178,2828.917381123296,0.7190278601066983
signed_value_cost_aware,HistGradientBoostingRegressor,0.75,2820.764416584974,3141,1687,0.7938144329896907,0.03796561604584527,2843.4059061742732,0.7196206283343213
signed_value_cost_aware,HistGradientBoostingRegressor,0.75,2820.764416584974,5772,1687,0.8075601374570447,0.03868194842406877,2846.780765599289,0.7172495554238293
signed_value_cost_aware,HistGradientBoostingRegressor,0.75,2820.764416584974,8111,1687,0.7903780068728522,0.03581661891117478,2833.528328742146,0.7178423236514523
signed_value_cost_aware,HistGradientBoostingRegressor,1.0,3746.425369410433,1729,1687,0.8487972508591065,0.04369627507163324,3743.4272912471843,0.973918197984588
signed_value_cost_aware,HistGradientBoostingRegressor,1.0,3746.425369410433,2718,1687,0.8487972508591065,0.04369627507163324,3744.910510394784,0.974510966212211
signed_value_cost_aware,HistGradientBoostingRegressor,1.0,3746.425369410433,3141,1687,0.8487972508591065,0.04799426934097421,3742.569328770006,0.973325429756965
signed_value_cost_aware,HistGradientBoostingRegressor,1.0,3746.425369410433,5772,1687,0.8591065292096219,0.04656160458452722,3733.512454609366,0.970954356846473
signed_value_cost_aware,HistGradientBoostingRegressor,1.0,3746.425369410433,8111,1687,0.8487972508591065,0.04297994269340974,3732.1787844262003,0.972139893301719
signed_value_cost_aware,RandomForestRegressor,0.1,414.045939238779,1729,1687,0.27835051546391754,0.03008595988538682,410.1537005494961,0.07231772377000593
signed_value_cost_aware,RandomForestRegressor,0.1,414.045939238779,2718,1687,0.2920962199312715,0.025071633237822348,413.74287233906347,0.07528156490812092
signed_value_cost_aware,RandomForestRegressor,0.1,414.045939238779,3141,1687,0.2852233676975945,0.022922636103151862,421.46089259632487,0.07587433313574392
signed_value_cost_aware,RandomForestRegressor,0.1,414.045939238779,5772,1687,0.281786941580756,0.024355300859598854,411.7962933076467,0.07468879668049792
signed_value_cost_aware,RandomForestRegressor,0.1,414.045939238779,8111,1687,0.28865979381443296,0.025071633237822348,412.5716462863071,0.07468879668049792
signed_value_cost_aware,RandomForestRegressor,0.2,784.3103203689628,1729,1687,0.38831615120274915,0.020773638968481375,788.2067657540013,0.16656787196206282
signed_value_cost_aware,RandomForestRegressor,0.2,784.3103203689628,2718,1687,0.3848797250859107,0.01862464183381089,788.1543137219916,0.16834617664493184
signed_value_cost_aware,RandomForestRegressor,0.2,784.3103203689628,3141,1687,0.41924398625429554,0.02148997134670487,773.342433135151,0.16241849436870184
signed_value_cost_aware,RandomForestRegressor,0.2,784.3103203689628,5772,1687,0.40893470790378006,0.01862464183381089,789.0343651505631,0.16893894487255484
signed_value_cost_aware,RandomForestRegressor,0.2,784.3103203689628,8111,1687,0.4261168384879725,0.022922636103151862,796.1413079709545,0.17012448132780084
signed_value_cost_aware,RandomForestRegressor,0.3,1154.5747014991466,1729,1687,0.5223367697594502,0.02148997134670487,1157.8005392436278,0.26141078838174275
signed_value_cost_aware,RandomForestRegressor,0.3,1154.5747014991466,2718,1687,0.5257731958762887,0.02005730659025788,1166.8357862525193,0.26022525192649676
signed_value_cost_aware,RandomForestRegressor,0.3,1154.5747014991466,3141,1687,0.5051546391752577,0.02363896848137536,1158.4617052566687,0.25785417901600477
signed_value_cost_aware,RandomForestRegressor,0.3,1154.5747014991466,5772,1687,0.5051546391752577,0.02005730659025788,1161.878467921162,0.26200355660936575
signed_value_cost_aware,RandomForestRegressor,0.3,1154.5747014991466,8111,1687,0.5085910652920962,0.02363896848137536,1152.807818411974,0.26022525192649676
signed_value_cost_aware,RandomForestRegressor,0.5,1895.1034637595142,1729,1687,0.6769759450171822,0.027936962750716332,1887.6797739045642,0.4599881446354475
signed_value_cost_aware,RandomForestRegressor,0.5,1895.1034637595142,2718,1687,0.6666666666666666,0.03151862464183381,1895.4998864848847,0.4582098399525785
signed_value_cost_aware,RandomForestRegressor,0.5,1895.1034637595142,3141,1687,0.697594501718213,0.032234957020057305,1924.7224947504446,0.4582098399525785
signed_value_cost_aware,RandomForestRegressor,0.5,1895.1034637595142,5772,1687,0.6529209621993127,0.0329512893982808,1891.3441458701836,0.4576170717249555
signed_value_cost_aware,RandomForestRegressor,0.5,1895.1034637595142,8111,1687,0.697594501718213,0.03151862464183381,1904.9253035649083,0.46176644931831656
signed_value_cost_aware,RandomForestRegressor,0.75,2820.764416584974,1729,1687,0.7835051546391752,0.034383954154727794,2824.256189356254,0.7154712507409603
signed_value_cost_aware,RandomForestRegressor,0.75,2820.764416584974,2718,1687,0.7697594501718213,0.03868194842406877,2854.9251614048603,0.7350326022525193
signed_value_cost_aware,RandomForestRegressor,0.75,2820.764416584974,3141,1687,0.7869415807560137,0.04011461318051576,2812.39151840901,0.7142857142857143
signed_value_cost_aware,RandomForestRegressor,0.75,2820.764416584974,5772,1687,0.7697594501718213,0.03796561604584527,2815.2854165074095,0.7202133965619443
signed_value_cost_aware,RandomForestRegressor,0.75,2820.764416584974,8111,1687,0.7766323024054983,0.03724928366762178,2823.7389570432724,0.7231772377000593
signed_value_cost_aware,RandomForestRegressor,1.0,3746.425369410433,1729,1687,0.845360824742268,0.04297994269340974,3747.614435702431,0.970954356846473
signed_value_cost_aware,RandomForestRegressor,1.0,3746.425369410433,2718,1687,0.8384879725085911,0.04369627507163324,3707.093567945465,0.9585062240663901
signed_value_cost_aware,RandomForestRegressor,1.0,3746.425369410433,3141,1687,0.8487972508591065,0.04799426934097421,3751.667239971547,0.969768820391227
signed_value_cost_aware,RandomForestRegressor,1.0,3746.425369410433,5772,1687,0.8591065292096219,0.04871060171919771,3736.605009514523,0.965026674570243
signed_value_cost_aware,RandomForestRegressor,1.0,3746.425369410433,8111,1687,0.8419243986254296,0.042263610315186245,3737.5314554967395,0.967397747480735
signed_value_cost_aware,Ridge,0.1,414.045939238779,1729,1687,0.2611683848797251,0.022922636103151862,412.2474412317723,0.08298755186721991
signed_value_cost_aware,Ridge,0.1,414.045939238779,2718,1687,0.26804123711340205,0.02148997134670487,409.37396828037936,0.08239478363959692
signed_value_cost_aware,Ridge,0.1,414.045939238779,3141,1687,0.2611683848797251,0.022922636103151862,409.9550795986959,0.08239478363959692
signed_value_cost_aware,Ridge,0.1,414.045939238779,5772,1687,0.2646048109965636,0.022206303724928367,415.95583756965027,0.08476585655008892
signed_value_cost_aware,Ridge,0.1,414.045939238779,8111,1687,0.27147766323024053,0.022206303724928367,418.06876380497926,0.08535862477771192
signed_value_cost_aware,Ridge,0.2,784.3103203689628,1729,1687,0.39862542955326463,0.02005730659025788,795.8183778458804,0.1885002963841138
signed_value_cost_aware,Ridge,0.2,784.3103203689628,2718,1687,0.39862542955326463,0.0164756446991404,782.4238027812685,0.18375815056312983
signed_value_cost_aware,Ridge,0.2,784.3103203689628,3141,1687,0.4020618556701031,0.022922636103151862,793.0014891398934,0.1879075281564908
signed_value_cost_aware,Ridge,0.2,784.3103203689628,5772,1687,0.4054982817869416,0.01790830945558739,786.4349391600473,0.1873147599288678
signed_value_cost_aware,Ridge,0.2,784.3103203689628,8111,1687,0.38144329896907214,0.01790830945558739,788.2680688275046,0.18494368701837582
signed_value_cost_aware,Ridge,0.3,1154.5747014991466,1729,1687,0.49828178694158076,0.022922636103151862,1155.475679309425,0.2821576763485477
signed_value_cost_aware,Ridge,0.3,1154.5747014991466,2718,1687,0.5154639175257731,0.020773638968481375,1158.3967690426794,0.2839359810314167
signed_value_cost_aware,Ridge,0.3,1154.5747014991466,3141,1687,0.5085910652920962,0.024355300859598854,1150.7985130343807,0.2803793716656787
signed_value_cost_aware,Ridge,0.3,1154.5747014991466,5772,1687,0.5292096219931272,0.022206303724928367,1161.9291126787195,0.2868998221695317
signed_value_cost_aware,Ridge,0.3,1154.5747014991466,8111,1687,0.49828178694158076,0.022922636103151862,1155.4475091624186,0.2845287492590397
signed_value_cost_aware,Ridge,0.5,1895.1034637595142,1729,1687,0.6666666666666666,0.03151862464183381,1904.8463245305277,0.48014226437462953
signed_value_cost_aware,Ridge,0.5,1895.1034637595142,2718,1687,0.6701030927835051,0.0336676217765043,1898.9248913716658,0.4819205690574985
signed_value_cost_aware,Ridge,0.5,1895.1034637595142,3141,1687,0.6735395189003437,0.03008595988538682,1915.8328573775934,0.47954949614700654
signed_value_cost_aware,Ridge,0.5,1895.1034637595142,5772,1687,0.6838487972508591,0.03008595988538682,1891.7581276484882,0.47658565500889155
signed_value_cost_aware,Ridge,0.5,1895.1034637595142,8111,1687,0.6838487972508591,0.03008595988538682,1890.8434769786604,0.48073503260225253
signed_value_cost_aware,Ridge,0.75,2820.764416584974,1729,1687,0.8075601374570447,0.03939828080229226,2823.6151142726735,0.7131001778304683
signed_value_cost_aware,Ridge,0.75,2820.764416584974,2718,1687,0.7938144329896907,0.03939828080229226,2819.84714411559,0.7184350918790753
signed_value_cost_aware,Ridge,0.75,2820.764416584974,3141,1687,0.8109965635738832,0.042263610315186245,2831.1537979934797,0.7125074096028453
signed_value_cost_aware,Ridge,0.75,2820.764416584974,5772,1687,0.8144329896907216,0.04083094555873926,2817.083460825134,0.7142857142857143
signed_value_cost_aware,Ridge,0.75,2820.764416584974,8111,1687,0.8006872852233677,0.03796561604584527,2820.589446284529,0.7119146413752223
signed_value_cost_aware,Ridge,1.0,3746.425369410433,1729,1687,0.852233676975945,0.04512893982808023,3747.153761360403,0.976882039122703
signed_value_cost_aware,Ridge,1.0,3746.425369410433,2718,1687,0.852233676975945,0.044412607449856735,3743.4937295358623,0.975696502667457
signed_value_cost_aware,Ridge,1.0,3746.425369410433,3141,1687,0.8556701030927835,0.0494269340974212,3747.4490558298753,0.976882039122703
signed_value_cost_aware,Ridge,1.0,3746.425369410433,5772,1687,0.8625429553264605,0.0494269340974212,3754.165701457617,0.977474807350326
signed_value_cost_aware,Ridge,1.0,3746.425369410433,8111,1687,0.8625429553264605,0.04512893982808023,3743.133458611737,0.973918197984588
threshold_distance,threshold_distance,0.1,414.045939238779,1729,1687,0.29896907216494845,0.02865329512893983,414.5201140426793,0.09187907528156491
threshold_distance,threshold_distance,0.1,414.045939238779,2718,1687,0.2920962199312715,0.02650429799426934,419.8560571185536,0.0942501481920569
threshold_distance,threshold_distance,0.1,414.045939238779,3141,1687,0.3024054982817869,0.025787965616045846,414.2849855832839,0.09187907528156491
threshold_distance,threshold_distance,0.1,414.045939238779,5772,1687,0.29896907216494845,0.029369627507163324,415.6383291031417,0.09187907528156491
threshold_distance,threshold_distance,0.1,414.045939238779,8111,1687,0.29553264604810997,0.029369627507163324,419.7475510758743,0.09306461173681091
threshold_distance,threshold_distance,0.2,784.3103203689628,1729,1687,0.39862542955326463,0.01862464183381089,793.0430232513336,0.1825726141078838
threshold_distance,threshold_distance,0.2,784.3103203689628,2718,1687,0.40893470790378006,0.01862464183381089,809.6544713491405,0.1896858328393598
threshold_distance,threshold_distance,0.2,784.3103203689628,3141,1687,0.39862542955326463,0.020773638968481375,790.9814641268524,0.18494368701837582
threshold_distance,threshold_distance,0.2,784.3103203689628,5772,1687,0.39862542955326463,0.019340974212034383,802.6815734386486,0.18612922347362182
threshold_distance,threshold_distance,0.2,784.3103203689628,8111,1687,0.40893470790378006,0.022922636103151862,779.7240744463545,0.1825726141078838
threshold_distance,threshold_distance,0.3,1154.5747014991466,1729,1687,0.4639175257731959,0.01862464183381089,1176.389291677534,0.27504445761707175
threshold_distance,threshold_distance,0.3,1154.5747014991466,2718,1687,0.47766323024054985,0.0164756446991404,1169.6371322625964,0.2732661529342027
threshold_distance,threshold_distance,0.3,1154.5747014991466,3141,1687,0.4639175257731959,0.017191977077363897,1155.856351032602,0.2697095435684647
threshold_distance,threshold_distance,0.3,1154.5747014991466,5772,1687,0.4639175257731959,0.020773638968481375,1146.8598888867814,0.2685240071132187
threshold_distance,threshold_distance,0.3,1154.5747014991466,8111,1687,0.46735395189003437,0.02148997134670487,1155.1291671232957,0.2708950800237107
threshold_distance,threshold_distance,0.5,1895.1034637595142,1729,1687,0.6288659793814433,0.029369627507163324,2072.846428726734,0.5210432720806165
threshold_distance,threshold_distance,0.5,1895.1034637595142,2718,1687,0.6151202749140894,0.030802292263610316,2099.887203247777,0.5293420272673385
threshold_distance,threshold_distance,0.5,1895.1034637595142,3141,1687,0.6323024054982818,0.03008595988538682,2104.2392164072317,0.5305275637225845
threshold_distance,threshold_distance,0.5,1895.1034637595142,5772,1687,0.6185567010309279,0.03151862464183381,2056.471836395969,0.5180794309425015
threshold_distance,threshold_distance,0.5,1895.1034637595142,8111,1687,0.6288659793814433,0.029369627507163324,2191.9245365969177,0.5518672199170125
threshold_distance,threshold_distance,0.75,2820.764416584974,1729,1687,0.7216494845360825,0.03724928366762178,2906.183681035566,0.7617071724955542
threshold_distance,threshold_distance,0.75,2820.764416584974,2718,1687,0.7250859106529209,0.03796561604584527,2935.50175513278,0.7628927089508002
threshold_distance,threshold_distance,0.75,2820.764416584974,3141,1687,0.718213058419244,0.03510028653295129,2941.01210460166,0.7664493183165383
threshold_distance,threshold_distance,0.75,2820.764416584974,5772,1687,0.7353951890034365,0.04369627507163324,2865.4660965216362,0.7457024303497333
threshold_distance,threshold_distance,0.75,2820.764416584974,8111,1687,0.7319587628865979,0.036532951289398284,2959.485982461174,0.7741553052756373
