signed_family,budget_fraction,budget_ms,comparator,mean_recall_difference,positive_seed_count,negative_seed_count,zero_seed_count,minimum_4_of_5_same_sign,minimum_4_of_5_positive,proposed_max_seed_fpr,comparator_max_seed_fpr,development_empirical_fpr_feasible,cost_equivalent,cost_observed_mean_difference_ms,cost_equivalence_margin_ms,cost_lower_one_sided_bound_ms,cost_upper_one_sided_bound_ms,cost_alpha,cost_bootstrap_repetitions,cost_group_count
Ridge,0.1,414.045939238779,threshold_distance,-0.03230240549828178,0,5,0,True,False,0.022922636103151862,0.029369627507163324,True,False,-3.6891892876111396,4.14045939238779,-49.162026480841725,41.66796869766449,0.05,5000,1687
Ridge,0.1,414.045939238779,current_error_prediction,-0.06735395189003436,0,5,0,True,False,0.022922636103151862,0.042263610315186245,True,False,-3.7775417960877338,4.14045939238779,-43.4609571880735,36.05835082927687,0.05,5000,1687
Ridge,0.1,414.045939238779,random_acquisition,-0.026116838487972492,0,5,0,True,False,0.022922636103151862,0.05300859598853868,False,False,-6.622767663900428,4.14045939238779,-49.035016948855954,35.89602809946534,0.05,5000,1687
Ridge,0.2,784.3103203689628,threshold_distance,-0.005498281786941584,2,2,1,False,False,0.022922636103151862,0.022922636103151862,True,False,-6.027585771547139,7.843103203689629,-60.76044050260816,46.98773701526971,0.05,5000,1687
Ridge,0.2,784.3103203689628,current_error_prediction,-0.07422680412371133,0,5,0,True,False,0.022922636103151862,0.034383954154727794,True,False,5.145725731594549,7.843103203689629,-46.436426554522825,57.79968549731476,0.05,5000,1687
Ridge,0.2,784.3103203689628,random_acquisition,0.035051546391752585,5,0,0,True,True,0.022922636103151862,0.05659025787965616,False,False,2.634486692590375,7.843103203689629,-58.0718028339668,62.88354435055133,0.05,5000,1687
Ridge,0.3,1154.5747014991466,threshold_distance,0.042611683848797224,5,0,0,True,True,0.024355300859598854,0.02148997134670487,True,False,-4.364849551037345,11.545747014991466,-66.0090965981387,54.11431532846475,0.05,5000,1687
Ridge,0.3,1154.5747014991466,current_error_prediction,-0.0893470790378007,0,5,0,True,False,0.024355300859598854,0.0329512893982808,True,False,-1.9060969639596916,11.545747014991466,-63.45079393883818,56.24499731547131,0.05,5000,1687
Ridge,0.3,1154.5747014991466,random_acquisition,0.0824742268041237,5,0,0,True,True,0.024355300859598854,0.05659025787965616,False,False,5.20728012554831,11.545747014991466,-67.37160567299345,74.60407786511087,0.05,5000,1687
Ridge,0.5,1895.1034637595142,threshold_distance,0.05085910652920962,5,0,0,True,True,0.0336676217765043,0.03151862464183381,True,False,-204.63270869353883,18.951034637595143,-276.1877151095199,-134.91081332973914,0.05,5000,1687
Ridge,0.5,1895.1034637595142,current_error_prediction,-0.08453608247422681,0,5,0,True,False,0.0336676217765043,0.036532951289398284,True,False,5.522135816004718,18.951034637595143,-65.08771943756967,77.0910239443924,0.05,5000,1687
Ridge,0.5,1895.1034637595142,random_acquisition,0.12302405498281788,5,0,0,True,True,0.0336676217765043,0.05659025787965616,False,False,-0.4873678222880595,18.951034637595143,-82.08716810364079,81.34381185758508,0.05,5000,1687
Ridge,0.75,2820.764416584974,threshold_distance,0.07903780068728523,5,0,0,True,True,0.042263610315186245,0.04369627507163324,True,False,-99.07213125228215,28.20764416584974,-162.4970706896858,-37.613057652252486,0.05,5000,1687
Ridge,0.75,2820.764416584974,current_error_prediction,-0.032302405498281804,0,5,0,True,False,0.042263610315186245,0.04727793696275072,True,False,4.080932742382923,28.20764416584974,-59.0267045069117,65.6626597414523,0.05,5000,1687
Ridge,0.75,2820.764416584974,random_acquisition,0.09690721649484535,5,0,0,True,True,0.042263610315186245,0.05157593123209169,False,False,4.116778508832251,28.20764416584974,-69.72340361395378,75.50715402387554,0.05,5000,1687
Ridge,1.0,3746.425369410433,current_error_prediction,0.0,0,0,5,True,False,0.0494269340974212,0.0494269340974212,True,True,3.139732081920563,37.464253694104336,-26.988934167854183,27.404700393443992,0.05,5000,1687
HistGradientBoostingRegressor,0.1,414.045939238779,threshold_distance,0.030927835051546393,5,0,0,True,True,0.036532951289398284,0.029369627507163324,True,False,2.692432072317732,4.14045939238779,-42.45417713242442,47.57359527587437,0.05,5000,1687
HistGradientBoostingRegressor,0.1,414.045939238779,current_error_prediction,-0.004123711340206182,3,2,0,False,False,0.036532951289398284,0.042263610315186245,True,False,2.6040795638411294,4.14045939238779,-28.09018875637819,32.690360132981624,0.05,5000,1687
HistGradientBoostingRegressor,0.1,414.045939238779,random_acquisition,0.037113402061855684,5,0,0,True,True,0.036532951289398284,0.05300859598853868,False,False,-0.24114630397154702,4.14045939238779,-37.40087687678482,39.318406562358035,0.05,5000,1687
HistGradientBoostingRegressor,0.2,784.3103203689628,threshold_distance,0.041237113402061855,5,0,0,True,True,0.02865329512893983,0.022922636103151862,True,False,-11.437346696265575,7.843103203689629,-68.27492186732661,44.70818538692352,0.05,5000,1687
HistGradientBoostingRegressor,0.2,784.3103203689628,current_error_prediction,-0.027491408934707896,0,5,0,True,False,0.02865329512893983,0.034383954154727794,True,False,-0.26403519312390367,7.843103203689629,-42.53189290974512,40.41323087644339,0.05,5000,1687
HistGradientBoostingRegressor,0.2,784.3103203689628,random_acquisition,0.08178694158075603,5,0,0,True,True,0.02865329512893983,0.05659025787965616,False,False,-2.7752742321280603,7.843103203689629,-56.11609101850977,49.905753315254316,0.05,5000,1687
HistGradientBoostingRegressor,0.3,1154.5747014991466,threshold_distance,0.06735395189003433,5,0,0,True,True,0.02865329512893983,0.02148997134670487,True,False,-7.567688870183761,11.545747014991466,-76.60125330669233,63.75151939262597,0.05,5000,1687
HistGradientBoostingRegressor,0.3,1154.5747014991466,current_error_prediction,-0.0646048109965636,0,5,0,True,False,0.02865329512893983,0.0329512893982808,True,False,-5.108936283106125,11.545747014991466,-52.20753121148194,41.16940467581505,0.05,5000,1687
HistGradientBoostingRegressor,0.3,1154.5747014991466,random_acquisition,0.1072164948453608,5,0,0,True,True,0.02865329512893983,0.05659025787965616,False,False,2.004440806401877,11.545747014991466,-61.87613960603323,68.85372436383402,0.05,5000,1687
HistGradientBoostingRegressor,0.5,1895.1034637595142,threshold_distance,0.05979381443298968,5,0,0,True,True,0.0329512893982808,0.03151862464183381,True,False,-205.30271575305278,18.951034637595143,-276.8446785347599,-132.33053586110847,0.05,5000,1687
HistGradientBoostingRegressor,0.5,1895.1034637595142,current_error_prediction,-0.07560137457044676,0,5,0,True,False,0.0329512893982808,0.036532951289398284,True,False,4.852128756490802,18.951034637595143,-48.004827871873154,57.89270696716658,0.05,5000,1687
HistGradientBoostingRegressor,0.5,1895.1034637595142,random_acquisition,0.13195876288659794,5,0,0,True,True,0.0329512893982808,0.05659025787965616,False,False,-1.1573748818020442,18.951034637595143,-72.55598414811145,69.00021477707647,0.05,5000,1687
HistGradientBoostingRegressor,0.75,2820.764416584974,threshold_distance,0.06323024054982815,5,0,0,True,True,0.03868194842406877,0.04369627507163324,True,False,-88.15313643710729,28.20764416584974,-142.61552602963252,-34.613135529555414,0.05,5000,1687
HistGradientBoostingRegressor,0.75,2820.764416584974,current_error_prediction,-0.04810996563573888,0,5,0,True,False,0.03868194842406877,0.04727793696275072,True,False,14.99992755755781,28.20764416584974,-35.45118664709545,62.772653467646705,0.05,5000,1687
HistGradientBoostingRegressor,0.75,2820.764416584974,random_acquisition,0.08109965635738828,5,0,0,True,True,0.03868194842406877,0.05157593123209169,False,False,15.035773324007112,28.20764416584974,-40.228635271198584,70.63869605913457,0.05,5000,1687
HistGradientBoostingRegressor,1.0,3746.425369410433,current_error_prediction,-0.006185567010309301,0,5,0,True,False,0.04799426934097421,0.0494269340974212,True,True,-4.61973538767042,37.464253694104336,-21.311016463070537,11.736064952507418,0.05,5000,1687
RandomForestRegressor,0.1,414.045939238779,threshold_distance,-0.012371134020618558,0,4,1,True,False,0.03008595988538682,0.029369627507163324,True,False,-2.864326368938936,4.14045939238779,-45.95539804129816,39.107367072851225,0.05,5000,1687
RandomForestRegressor,0.1,414.045939238779,current_error_prediction,-0.04742268041237113,0,5,0,True,False,0.03008595988538682,0.042263610315186245,True,False,-2.9526788774155213,4.14045939238779,-36.78836667857142,29.645919321185552,0.05,5000,1687
RandomForestRegressor,0.1,414.045939238779,random_acquisition,-0.006185567010309268,2,2,1,False,False,0.03008595988538682,0.05300859598853868,False,False,-5.797904745228223,4.14045939238779,-43.08383646571665,31.911797577502078,0.05,5000,1687
RandomForestRegressor,0.2,784.3103203689628,threshold_distance,0.0027491408934707806,3,2,0,False,False,0.022922636103151862,0.022922636103151862,True,False,-8.241084175933615,7.843103203689629,-59.38825339550681,41.169043912981635,0.05,5000,1687
RandomForestRegressor,0.2,784.3103203689628,current_error_prediction,-0.06597938144329897,0,5,0,True,False,0.022922636103151862,0.034383954154727794,True,False,2.932227327208055,7.843103203689629,-43.302664053787794,49.0253667251986,0.05,5000,1687
RandomForestRegressor,0.2,784.3103203689628,random_acquisition,0.04329896907216495,5,0,0,True,True,0.022922636103151862,0.05659025787965616,False,False,0.4209882882039156,7.843103203689629,-58.209134439918195,60.04504954124955,0.05,5000,1687
RandomForestRegressor,0.3,1154.5747014991466,threshold_distance,0.04604810996563572,5,0,0,True,True,0.02363896848137536,0.02148997134670487,True,False,-1.2175027793716358,11.545747014991466,-60.712553591659734,55.60606750467104,0.05,5000,1687
RandomForestRegressor,0.3,1154.5747014991466,current_error_prediction,-0.0859106529209622,0,5,0,True,False,0.02363896848137536,0.0329512893982808,True,False,1.2412498077060001,11.545747014991466,-47.73416008508003,49.50110995986366,0.05,5000,1687
RandomForestRegressor,0.3,1154.5747014991466,random_acquisition,0.0859106529209622,5,0,0,True,True,0.02363896848137536,0.05659025787965616,False,False,8.354626897214002,11.545747014991466,-62.27769559829875,81.23370387814346,0.05,5000,1687
RandomForestRegressor,0.5,1895.1034637595142,threshold_distance,0.0536082474226804,5,0,0,True,True,0.0329512893982808,0.03151862464183381,True,False,-204.23952335992888,18.951034637595143,-270.2970474322584,-139.2696457931476,0.05,5000,1687
RandomForestRegressor,0.5,1895.1034637595142,current_error_prediction,-0.08178694158075603,0,5,0,True,False,0.0329512893982808,0.036532951289398284,True,False,5.9153211496146865,18.951034637595143,-48.1992341235566,58.79962792054535,0.05,5000,1687
RandomForestRegressor,0.5,1895.1034637595142,random_acquisition,0.12577319587628866,5,0,0,True,True,0.0329512893982808,0.05659025787965616,False,False,-0.09418248867814247,18.951034637595143,-76.95326850702548,76.01344992078364,0.05,5000,1687
RandomForestRegressor,0.75,2820.764416584974,threshold_distance,0.05085910652920964,5,0,0,True,True,0.04011461318051576,0.04369627507163324,True,False,-95.41047540640189,28.20764416584974,-152.48106644294012,-40.317772367368086,0.05,5000,1687
RandomForestRegressor,0.75,2820.764416584974,current_error_prediction,-0.060481099656357395,0,5,0,True,False,0.04011461318051576,0.04727793696275072,True,False,7.742588588263216,28.20764416584974,-46.207391830011844,60.66887865256077,0.05,5000,1687
RandomForestRegressor,0.75,2820.764416584974,random_acquisition,0.06872852233676977,5,0,0,True,True,0.04011461318051576,0.05157593123209169,False,False,7.778434354712502,28.20764416584974,-54.18149836272551,68.0392010933373,0.05,5000,1687
RandomForestRegressor,1.0,3746.425369410433,current_error_prediction,-0.010309278350515472,0,5,0,True,False,0.04871060171919771,0.0494269340974212,True,True,-7.837067551037335,37.464253694104336,-28.90946061064018,12.524749606621237,0.05,5000,1687
