precision,recall,threshold
0.17061611374407584,1.0,0.03696925938129425
0.1708185053380783,1.0,0.037851158529520035
0.171021377672209,1.0,0.03809249773621559
0.17122473246135553,1.0,0.040330108255147934
0.17023809523809524,0.9930555555555556,0.04450046643614769
0.17044100119189512,0.9930555555555556,0.04484253376722336
0.17064439140811455,0.9930555555555556,0.04487638548016548
0.17084826762246116,0.9930555555555556,0.044995229691267014
0.17105263157894737,0.9930555555555556,0.04518541693687439
0.17125748502994012,0.9930555555555556,0.045356638729572296
0.17146282973621102,0.9930555555555556,0.046029120683670044
0.1716686674669868,0.9930555555555556,0.04669657722115517
0.171875,0.9930555555555556,0.04741906747221947
0.17208182912154033,0.9930555555555556,0.04748231917619705
0.172289156626506,0.9930555555555556,0.04899723455309868
0.17249698431845598,0.9930555555555556,0.050237443298101425
0.17270531400966183,0.9930555555555556,0.0512671060860157
0.17291414752116083,0.9930555555555556,0.05297507718205452
0.17312348668280872,0.9930555555555556,0.05311420559883118
0.17333333333333334,0.9930555555555556,0.05335652828216553
0.17354368932038836,0.9930555555555556,0.05395800247788429
0.17375455650060753,0.9930555555555556,0.05459894612431526
0.17274939172749393,0.9861111111111112,0.055469315499067307
0.17295980511571254,0.9861111111111112,0.05557685345411301
0.17317073170731706,0.9861111111111112,0.05575888603925705
0.17338217338217338,0.9861111111111112,0.05627491697669029
0.17359413202933985,0.9861111111111112,0.056375663727521896
0.17380660954712362,0.9861111111111112,0.05668265372514725
0.17401960784313725,0.9861111111111112,0.057134658098220825
0.17423312883435582,0.9861111111111112,0.057158470153808594
0.1732186732186732,0.9791666666666666,0.05780888348817825
0.17343173431734318,0.9791666666666666,0.05827486515045166
0.17364532019704434,0.9791666666666666,0.05878834053874016
0.17385943279901356,0.9791666666666666,0.05905674397945404
0.17407407407407408,0.9791666666666666,0.05908152833580971
0.17428924598269468,0.9791666666666666,0.05939795821905136
0.1745049504950495,0.9791666666666666,0.059431470930576324
0.17472118959107807,0.9791666666666666,0.05957484617829323
0.17493796526054592,0.9791666666666666,0.05963088572025299
0.17515527950310558,0.9791666666666666,0.059684377163648605
0.17537313432835822,0.9791666666666666,0.06060292571783066
0.17559153175591533,0.9791666666666666,0.06075344979763031
0.17581047381546136,0.9791666666666666,0.06191170960664749
0.1760299625468165,0.9791666666666666,0.06339217722415924
0.17625,0.9791666666666666,0.06378380209207535
0.17647058823529413,0.9791666666666666,0.0638011023402214
0.17669172932330826,0.9791666666666666,0.06393517553806305
0.17691342534504392,0.9791666666666666,0.06419341266155243
0.1771356783919598,0.9791666666666666,0.06449657678604126
0.17735849056603772,0.9791666666666666,0.06477850675582886
0.17758186397984888,0.9791666666666666,0.0652308315038681
0.17780580075662042,0.9791666666666666,0.06538818776607513
0.17803030303030304,0.9791666666666666,0.06542570143938065
0.17825537294563842,0.9791666666666666,0.06545928120613098
0.17848101265822786,0.9791666666666666,0.06560507416725159
0.17870722433460076,0.9791666666666666,0.06566313654184341
0.17893401015228427,0.9791666666666666,0.06585223972797394
0.17916137229987295,0.9791666666666666,0.0660003200173378
0.17938931297709923,0.9791666666666666,0.06615126132965088
0.17961783439490445,0.9791666666666666,0.06623631715774536
0.1798469387755102,0.9791666666666666,0.0664437785744667
0.18007662835249041,0.9791666666666666,0.06654577702283859
0.18030690537084398,0.9791666666666666,0.06694057583808899
0.18053777208706787,0.9791666666666666,0.06713196635246277
0.18076923076923077,0.9791666666666666,0.0674462616443634
0.1810012836970475,0.9791666666666666,0.06779259443283081
0.18123393316195371,0.9791666666666666,0.06788337230682373
0.18146718146718147,0.9791666666666666,0.06793969869613647
0.18170103092783504,0.9791666666666666,0.06865928322076797
0.18193548387096775,0.9791666666666666,0.06869830936193466
0.1821705426356589,0.9791666666666666,0.06883087009191513
0.18240620957309184,0.9791666666666666,0.06885311752557755
0.18264248704663213,0.9791666666666666,0.0694066658616066
0.1828793774319066,0.9791666666666666,0.06985486298799515
0.18311688311688312,0.9791666666666666,0.0700199156999588
0.18335500650195058,0.9791666666666666,0.0704025998711586
0.18359375,0.9791666666666666,0.07114984840154648
0.18383311603650587,0.9791666666666666,0.07146138697862625
0.18407310704960836,0.9791666666666666,0.07231345027685165
0.1843137254901961,0.9791666666666666,0.07244732230901718
0.18455497382198952,0.9791666666666666,0.07245056331157684
0.18479685452162517,0.9791666666666666,0.07253599166870117
0.18503937007874016,0.9791666666666666,0.07270661741495132
0.18528252299605782,0.9791666666666666,0.07301585376262665
0.18552631578947368,0.9791666666666666,0.07341694831848145
0.1857707509881423,0.9791666666666666,0.0736115425825119
0.18601583113456466,0.9791666666666666,0.0737106204032898
0.18626155878467635,0.9791666666666666,0.07427704334259033
0.1865079365079365,0.9791666666666666,0.07437726110219955
0.18675496688741722,0.9791666666666666,0.07444655895233154
0.1870026525198939,0.9791666666666666,0.07445917278528214
0.18725099601593626,0.9791666666666666,0.07459578663110733
0.1875,0.9791666666666666,0.07466502487659454
0.1877496671105193,0.9791666666666666,0.07467714697122574
0.188,0.9791666666666666,0.07482186704874039
0.1882510013351135,0.9791666666666666,0.07496745884418488
0.18850267379679145,0.9791666666666666,0.07509716600179672
0.18875502008032127,0.9791666666666666,0.07537412643432617
0.18900804289544235,0.9791666666666666,0.07572267204523087
0.18926174496644296,0.9791666666666666,0.07583080977201462
0.18951612903225806,0.9791666666666666,0.07618621736764908
0.18977119784656796,0.9791666666666666,0.07640215009450912
0.19002695417789758,0.9791666666666666,0.07643548399209976
0.1902834008097166,0.9791666666666666,0.07658780366182327
0.19054054054054054,0.9791666666666666,0.07680194079875946
0.19079837618403248,0.9791666666666666,0.07680445164442062
0.1910569105691057,0.9791666666666666,0.07701405882835388
0.19131614654002713,0.9791666666666666,0.07717055082321167
0.19157608695652173,0.9791666666666666,0.07768484950065613
0.19183673469387755,0.9791666666666666,0.07773196697235107
0.19209809264305178,0.9791666666666666,0.07787906378507614
0.19236016371077763,0.9791666666666666,0.07806327193975449
0.19262295081967212,0.9791666666666666,0.0782032310962677
0.19288645690834474,0.9791666666666666,0.0783015638589859
0.19315068493150686,0.9791666666666666,0.07854579389095306
0.1934156378600823,0.9791666666666666,0.0790555477142334
0.1936813186813187,0.9791666666666666,0.0792103186249733
0.1939477303988996,0.9791666666666666,0.07948599010705948
0.19421487603305784,0.9791666666666666,0.07967391610145569
0.19448275862068964,0.9791666666666666,0.07980883121490479
0.19475138121546962,0.9791666666666666,0.08011449128389359
0.19363762102351315,0.9722222222222222,0.0801704153418541
0.19390581717451524,0.9722222222222222,0.08023762702941895
0.1941747572815534,0.9722222222222222,0.08065363764762878
0.19444444444444445,0.9722222222222222,0.08078113198280334
0.19471488178025034,0.9722222222222222,0.08097046613693237
0.19498607242339833,0.9722222222222222,0.08120115846395493
0.19525801952580196,0.9722222222222222,0.08142374455928802
0.19553072625698323,0.9722222222222222,0.08151223510503769
0.1958041958041958,0.9722222222222222,0.08151399344205856
0.19607843137254902,0.9722222222222222,0.08231359720230103
0.19635343618513323,0.9722222222222222,0.08234042674303055
0.19662921348314608,0.9722222222222222,0.08237791061401367
0.19690576652601968,0.9722222222222222,0.08240357786417007
0.19718309859154928,0.9722222222222222,0.08240466564893723
0.19746121297602257,0.9722222222222222,0.082609623670578
0.1977401129943503,0.9722222222222222,0.0829242467880249
0.19801980198019803,0.9722222222222222,0.08319388329982758
0.19830028328611898,0.9722222222222222,0.08324405550956726
0.19858156028368795,0.9722222222222222,0.08332514762878418
0.19886363636363635,0.9722222222222222,0.08352147787809372
0.19914651493598862,0.9722222222222222,0.08352939039468765
0.19943019943019943,0.9722222222222222,0.08356155455112457
0.19971469329529243,0.9722222222222222,0.08364342898130417
0.2,0.9722222222222222,0.08373622596263885
0.20028612303290416,0.9722222222222222,0.08378426730632782
0.20057306590257878,0.9722222222222222,0.08390175551176071
0.20086083213773315,0.9722222222222222,0.08390738815069199
0.20114942528735633,0.9722222222222222,0.08391124755144119
0.2,0.9652777777777778,0.08399821072816849
0.20028818443804033,0.9652777777777778,0.08445368707180023
0.20057720057720058,0.9652777777777778,0.08456218987703323
0.20086705202312138,0.9652777777777778,0.08504223078489304
0.2011577424023155,0.9652777777777778,0.08518344908952713
0.20144927536231885,0.9652777777777778,0.08524613082408905
0.20174165457184326,0.9652777777777778,0.08527505397796631
0.20203488372093023,0.9652777777777778,0.08536602556705475
0.20232896652110627,0.9652777777777778,0.0859062448143959
0.20262390670553937,0.9652777777777778,0.08592194318771362
0.2029197080291971,0.9652777777777778,0.08599559962749481
0.20321637426900585,0.9652777777777778,0.08646240085363388
0.20351390922401172,0.9652777777777778,0.08659447729587555
0.20381231671554254,0.9652777777777778,0.08671418577432632
0.20411160058737152,0.9652777777777778,0.08688660711050034
0.20441176470588235,0.9652777777777778,0.08689353615045547
0.20471281296023564,0.9652777777777778,0.08738486468791962
0.20501474926253688,0.9652777777777778,0.08741410076618195
0.20531757754800592,0.9652777777777778,0.08792353421449661
0.20562130177514792,0.9652777777777778,0.08811864256858826
0.20592592592592593,0.9652777777777778,0.0881914272904396
0.2062314540059347,0.9652777777777778,0.08825892955064774
0.2065378900445765,0.9652777777777778,0.0884639173746109
0.20684523809523808,0.9652777777777778,0.08891339600086212
0.20715350223546944,0.9652777777777778,0.08915277570486069
0.20746268656716418,0.9652777777777778,0.08932323008775711
0.2077727952167414,0.9652777777777778,0.08935435861349106
0.20808383233532934,0.9652777777777778,0.08964595198631287
0.20839580209895053,0.9652777777777778,0.08994317799806595
0.2087087087087087,0.9652777777777778,0.0900559201836586
0.20902255639097744,0.9652777777777778,0.09059382975101471
0.20933734939759036,0.9652777777777778,0.09061639755964279
0.2096530920060332,0.9652777777777778,0.09066268056631088
0.20996978851963746,0.9652777777777778,0.09069937467575073
0.2102874432677761,0.9652777777777778,0.0907900407910347
0.2106060606060606,0.9652777777777778,0.09084262698888779
0.2109256449165402,0.9652777777777778,0.09089452773332596
0.21124620060790272,0.9652777777777778,0.09097206592559814
0.2115677321156773,0.9652777777777778,0.09124420583248138
0.21189024390243902,0.9652777777777778,0.09128516912460327
0.21221374045801528,0.9652777777777778,0.09130838513374329
0.21253822629969418,0.9652777777777778,0.0913902148604393
0.21286370597243492,0.9652777777777778,0.09139114618301392
0.21319018404907975,0.9652777777777778,0.09150291234254837
0.21351766513056836,0.9652777777777778,0.09153440594673157
0.21384615384615385,0.9652777777777778,0.09160444140434265
0.21417565485362094,0.9652777777777778,0.09164047241210938
0.21450617283950618,0.9652777777777778,0.09192151576280594
0.21483771251931993,0.9652777777777778,0.09195549041032791
0.21517027863777088,0.9652777777777778,0.09203015267848969
0.21550387596899226,0.9652777777777778,0.09212924540042877
0.21583850931677018,0.9652777777777778,0.09226648509502411
0.2161741835147745,0.9652777777777778,0.09231766313314438
0.21651090342679127,0.9652777777777778,0.0929960310459137
0.21684867394695787,0.9652777777777778,0.09332326799631119
0.2171875,0.9652777777777778,0.09339693188667297
0.21752738654147105,0.9652777777777778,0.09344794601202011
0.21786833855799373,0.9652777777777778,0.09347569197416306
0.21821036106750394,0.9652777777777778,0.09352412819862366
0.21855345911949686,0.9652777777777778,0.09352851659059525
0.2188976377952756,0.9652777777777778,0.09375381469726562
0.2192429022082019,0.9652777777777778,0.09387749433517456
0.21958925750394945,0.9652777777777778,0.09396723657846451
0.2199367088607595,0.9652777777777778,0.09403039515018463
0.2202852614896989,0.9652777777777778,0.09440609067678452
0.22063492063492063,0.9652777777777778,0.09448053687810898
0.22098569157392686,0.9652777777777778,0.09454715251922607
0.2213375796178344,0.9652777777777778,0.09457312524318695
0.22169059011164274,0.9652777777777778,0.094718798995018
0.2220447284345048,0.9652777777777778,0.09481927007436752
0.2224,0.9652777777777778,0.09484907239675522
0.22115384615384615,0.9583333333333334,0.09511702507734299
0.22150882825040127,0.9583333333333334,0.09522654116153717
0.22186495176848875,0.9583333333333334,0.09528683871030807
0.2222222222222222,0.9583333333333334,0.09534213691949844
0.22258064516129034,0.9583333333333334,0.09537782520055771
0.22294022617124395,0.9583333333333334,0.09552903473377228
0.22330097087378642,0.9583333333333334,0.09575177729129791
0.22366288492706646,0.9583333333333334,0.09584940969944
0.22402597402597402,0.9583333333333334,0.09590201824903488
0.22439024390243903,0.9583333333333334,0.09612095355987549
0.2247557003257329,0.9583333333333334,0.09630899131298065
0.22512234910277323,0.9583333333333334,0.09647322446107864
0.22549019607843138,0.9583333333333334,0.09680670499801636
0.22585924713584288,0.9583333333333334,0.09694531559944153
0.2262295081967213,0.9583333333333334,0.09744925051927567
0.22660098522167488,0.9583333333333334,0.09754372388124466
0.22697368421052633,0.9583333333333334,0.09786184877157211
0.2273476112026359,0.9583333333333334,0.09797260165214539
0.22772277227722773,0.9583333333333334,0.09797713905572891
0.228099173553719,0.9583333333333334,0.09800120443105698
0.22847682119205298,0.9583333333333334,0.09854307770729065
0.22885572139303484,0.9583333333333334,0.09875653684139252
0.2292358803986711,0.9583333333333334,0.09896480292081833
0.22961730449251247,0.9583333333333334,0.09918560087680817
0.23,0.9583333333333334,0.09927816689014435
0.2303839732888147,0.9583333333333334,0.09939244389533997
0.23076923076923078,0.9583333333333334,0.09943622350692749
0.23115577889447236,0.9583333333333334,0.09971193969249725
0.23154362416107382,0.9583333333333334,0.10002380609512329
0.23025210084033612,0.9513888888888888,0.10005038976669312
0.23063973063973064,0.9513888888888888,0.10013516992330551
0.23102866779089376,0.9513888888888888,0.10051225125789642
0.23141891891891891,0.9513888888888888,0.10067153722047806
0.23181049069373943,0.9513888888888888,0.10090330988168716
0.23220338983050848,0.9513888888888888,0.10098960995674133
0.23259762308998302,0.9513888888888888,0.10116177797317505
0.23299319727891157,0.9513888888888888,0.10132294148206711
0.23339011925042588,0.9513888888888888,0.101455919444561
0.23378839590443687,0.9513888888888888,0.10173839330673218
0.2341880341880342,0.9513888888888888,0.10237704962491989
0.2345890410958904,0.9513888888888888,0.10237948596477509
0.23499142367066894,0.9513888888888888,0.10240212082862854
0.23539518900343642,0.9513888888888888,0.10242068767547607
0.23580034423407917,0.9513888888888888,0.1025192067027092
0.23620689655172414,0.9513888888888888,0.10252063721418381
0.23661485319516407,0.9513888888888888,0.10258445143699646
0.2370242214532872,0.9513888888888888,0.10259003937244415
0.23743500866551126,0.9513888888888888,0.10284177213907242
0.2378472222222222,0.9513888888888888,0.10298561304807663
0.2382608695652174,0.9513888888888888,0.10299336910247803
0.23867595818815332,0.9513888888888888,0.10333719849586487
0.23909249563699825,0.9513888888888888,0.10343272238969803
0.2395104895104895,0.9513888888888888,0.1036846935749054
0.23992994746059546,0.9513888888888888,0.10370738059282303
0.24035087719298245,0.9513888888888888,0.10394591838121414
0.24077328646748683,0.9513888888888888,0.1041085422039032
0.24119718309859156,0.9513888888888888,0.10418826341629028
0.24162257495590828,0.9513888888888888,0.10422392934560776
0.2420494699646643,0.9513888888888888,0.10425931960344315
0.2424778761061947,0.9513888888888888,0.10437307506799698
0.2429078014184397,0.9513888888888888,0.10458274185657501
0.2433392539964476,0.9513888888888888,0.10504414141178131
0.24377224199288255,0.9513888888888888,0.10511356592178345
0.24420677361853832,0.9513888888888888,0.10514675825834274
0.24464285714285713,0.9513888888888888,0.10587255656719208
0.24508050089445438,0.9513888888888888,0.10641610622406006
0.24551971326164876,0.9513888888888888,0.10695827007293701
0.2459605026929982,0.9513888888888888,0.10698476433753967
0.24640287769784172,0.9513888888888888,0.10707054287195206
0.24684684684684685,0.9513888888888888,0.10722769051790237
0.24729241877256317,0.9513888888888888,0.10728348046541214
0.24773960216998192,0.9513888888888888,0.10734321922063828
0.24818840579710144,0.9513888888888888,0.10768420994281769
0.24863883847549909,0.9513888888888888,0.10791144520044327
0.24909090909090909,0.9513888888888888,0.10804526507854462
0.2495446265938069,0.9513888888888888,0.10805387049913406
0.25,0.9513888888888888,0.10809136182069778
0.25045703839122485,0.9513888888888888,0.10816561430692673
0.2509157509157509,0.9513888888888888,0.1082431897521019
0.25137614678899084,0.9513888888888888,0.10824592411518097
0.25183823529411764,0.9513888888888888,0.10855544358491898
0.2523020257826888,0.9513888888888888,0.10899674147367477
0.25276752767527677,0.9513888888888888,0.10903556644916534
0.2532347504621072,0.9513888888888888,0.1090446412563324
0.2537037037037037,0.9513888888888888,0.10918089002370834
0.2541743970315399,0.9513888888888888,0.10925007611513138
0.25464684014869887,0.9513888888888888,0.10940659791231155
0.25512104283054005,0.9513888888888888,0.10988396406173706
0.2555970149253731,0.9513888888888888,0.10997102409601212
0.2560747663551402,0.9513888888888888,0.1100202202796936
0.2565543071161049,0.9513888888888888,0.11025229096412659
0.2570356472795497,0.9513888888888888,0.11026398837566376
0.2575187969924812,0.9513888888888888,0.11034730076789856
0.2580037664783427,0.9513888888888888,0.1104043573141098
0.25849056603773585,0.9513888888888888,0.11050361394882202
0.2589792060491493,0.9513888888888888,0.11060292273759842
0.25946969696969696,0.9513888888888888,0.11086323112249374
0.25806451612903225,0.9444444444444444,0.11112487316131592
0.2585551330798479,0.9444444444444444,0.11135835200548172
0.259047619047619,0.9444444444444444,0.111823171377182
0.2595419847328244,0.9444444444444444,0.11203675717115402
0.26003824091778205,0.9444444444444444,0.11203712970018387
0.26053639846743293,0.9444444444444444,0.11206625401973724
0.26103646833013433,0.9444444444444444,0.11231151968240738
0.26153846153846155,0.9444444444444444,0.11232306808233261
0.26204238921001927,0.9444444444444444,0.11260007321834564
0.2625482625482625,0.9444444444444444,0.11280540376901627
0.26305609284332687,0.9444444444444444,0.11297869682312012
0.26356589147286824,0.9444444444444444,0.11301472038030624
0.26407766990291265,0.9444444444444444,0.11304853111505508
0.26459143968871596,0.9444444444444444,0.11313146352767944
0.2651072124756335,0.9444444444444444,0.113835908472538
0.265625,0.9444444444444444,0.11412429064512253
0.26614481409001955,0.9444444444444444,0.11414162069559097
0.26666666666666666,0.9444444444444444,0.1141766831278801
0.26719056974459726,0.9444444444444444,0.11419134587049484
0.2677165354330709,0.9444444444444444,0.11422606557607651
0.2682445759368836,0.9444444444444444,0.11424977332353592
0.26877470355731226,0.9444444444444444,0.11443585902452469
0.2693069306930693,0.9444444444444444,0.11473115533590317
0.2698412698412698,0.9444444444444444,0.11516758054494858
0.27037773359840955,0.9444444444444444,0.11549415439367294
0.27091633466135456,0.9444444444444444,0.11560238152742386
0.2714570858283433,0.9444444444444444,0.11575939506292343
0.272,0.9444444444444444,0.11618874967098236
0.2725450901803607,0.9444444444444444,0.11628913879394531
0.27309236947791166,0.9444444444444444,0.11630983650684357
0.27364185110663986,0.9444444444444444,0.11632023751735687
0.2721774193548387,0.9375,0.11663120985031128
0.2727272727272727,0.9375,0.11698571592569351
0.2732793522267207,0.9375,0.11733122915029526
0.2738336713995943,0.9375,0.11798541992902756
0.27439024390243905,0.9375,0.11801271885633469
0.2729124236252546,0.9305555555555556,0.11803506314754486
0.27346938775510204,0.9305555555555556,0.11886259913444519
0.2740286298568507,0.9305555555555556,0.1191459447145462
0.27459016393442626,0.9305555555555556,0.11929328739643097
0.2751540041067762,0.9305555555555556,0.1193147748708725
0.2757201646090535,0.9305555555555556,0.11942864209413528
0.27628865979381445,0.9305555555555556,0.11965536326169968
0.2768595041322314,0.9305555555555556,0.11966358870267868
0.2774327122153209,0.9305555555555556,0.1198415532708168
0.27800829875518673,0.9305555555555556,0.11987565457820892
0.2785862785862786,0.9305555555555556,0.120002880692482
0.27708333333333335,0.9236111111111112,0.12033284455537796
0.2776617954070981,0.9236111111111112,0.12066297978162766
0.27824267782426776,0.9236111111111112,0.1209956482052803
0.27882599580712786,0.9236111111111112,0.12126294523477554
0.27941176470588236,0.9236111111111112,0.12175161391496658
0.28,0.9236111111111112,0.12178131937980652
0.2805907172995781,0.9236111111111112,0.12187038362026215
0.28118393234672306,0.9236111111111112,0.12199263274669647
0.2817796610169492,0.9236111111111112,0.122304268181324
0.2823779193205945,0.9236111111111112,0.12273261696100235
0.28297872340425534,0.9236111111111112,0.12326377630233765
0.2835820895522388,0.9236111111111112,0.1235257238149643
0.2841880341880342,0.9236111111111112,0.12367231398820877
0.284796573875803,0.9236111111111112,0.12376372516155243
0.2854077253218884,0.9236111111111112,0.1238442212343216
0.2860215053763441,0.9236111111111112,0.12402526289224625
0.28663793103448276,0.9236111111111112,0.12453283369541168
0.28725701943844495,0.9236111111111112,0.12455359846353531
0.2878787878787879,0.9236111111111112,0.12480238080024719
0.2885032537960954,0.9236111111111112,0.12500062584877014
0.2891304347826087,0.9236111111111112,0.1250133514404297
0.289760348583878,0.9236111111111112,0.12517604231834412
0.2903930131004367,0.9236111111111112,0.12531575560569763
0.2910284463894967,0.9236111111111112,0.12548337876796722
0.2916666666666667,0.9236111111111112,0.12557636201381683
0.2923076923076923,0.9236111111111112,0.12570589780807495
0.29295154185022027,0.9236111111111112,0.12583011388778687
0.293598233995585,0.9236111111111112,0.1260824203491211
0.2942477876106195,0.9236111111111112,0.12658728659152985
0.29490022172949004,0.9236111111111112,0.12663696706295013
0.29555555555555557,0.9236111111111112,0.12698794901371002
0.2962138084632517,0.9236111111111112,0.1272318959236145
0.296875,0.9236111111111112,0.12738414108753204
0.2975391498881432,0.9236111111111112,0.12787854671478271
0.2982062780269058,0.9236111111111112,0.12860007584095
0.298876404494382,0.9236111111111112,0.12917375564575195
0.29954954954954954,0.9236111111111112,0.12919987738132477
0.3002257336343115,0.9236111111111112,0.12965823709964752
0.3009049773755656,0.9236111111111112,0.13010035455226898
0.30158730158730157,0.9236111111111112,0.13080471754074097
0.30227272727272725,0.9236111111111112,0.13100838661193848
0.30296127562642367,0.9236111111111112,0.13124899566173553
0.3036529680365297,0.9236111111111112,0.13155891001224518
0.30434782608695654,0.9236111111111112,0.13156479597091675
0.30504587155963303,0.9236111111111112,0.13173890113830566
0.3057471264367816,0.9236111111111112,0.13181865215301514
0.3064516129032258,0.9236111111111112,0.13185277581214905
0.3071593533487298,0.9236111111111112,0.13203568756580353
0.30787037037037035,0.9236111111111112,0.13332273066043854
0.308584686774942,0.9236111111111112,0.133596271276474
0.30930232558139537,0.9236111111111112,0.13409706950187683
0.31002331002331,0.9236111111111112,0.13422295451164246
0.3107476635514019,0.9236111111111112,0.13449601829051971
0.3114754098360656,0.9236111111111112,0.13462936878204346
0.31220657276995306,0.9236111111111112,0.13483120501041412
0.3129411764705882,0.9236111111111112,0.13511180877685547
0.3136792452830189,0.9236111111111112,0.13514265418052673
0.3144208037825059,0.9236111111111112,0.1351694017648697
0.3127962085308057,0.9166666666666666,0.1352350115776062
0.31353919239904987,0.9166666666666666,0.13566967844963074
0.3142857142857143,0.9166666666666666,0.13577431440353394
0.315035799522673,0.9166666666666666,0.1358465701341629
0.3157894736842105,0.9166666666666666,0.13607624173164368
0.31654676258992803,0.9166666666666666,0.13617560267448425
0.3173076923076923,0.9166666666666666,0.13635434210300446
0.3180722891566265,0.9166666666666666,0.1363949328660965
0.3188405797101449,0.9166666666666666,0.1367931365966797
0.3196125907990315,0.9166666666666666,0.13689839839935303
0.32038834951456313,0.9166666666666666,0.1370275765657425
0.32116788321167883,0.9166666666666666,0.1372259557247162
0.32195121951219513,0.9166666666666666,0.13730059564113617
0.32273838630806845,0.9166666666666666,0.1375596970319748
0.3235294117647059,0.9166666666666666,0.1376786082983017
0.32432432432432434,0.9166666666666666,0.13794483244419098
0.3251231527093596,0.9166666666666666,0.13801060616970062
0.32592592592592595,0.9166666666666666,0.13806334137916565
0.32673267326732675,0.9166666666666666,0.1384810209274292
0.32754342431761785,0.9166666666666666,0.13863824307918549
0.32587064676616917,0.9097222222222222,0.13890136778354645
0.3266832917705736,0.9097222222222222,0.13925431668758392
0.3275,0.9097222222222222,0.13927502930164337
0.3283208020050125,0.9097222222222222,0.13935182988643646
0.32914572864321606,0.9097222222222222,0.13980399072170258
0.32997481108312343,0.9097222222222222,0.14040467143058777
0.33080808080808083,0.9097222222222222,0.1410694122314453
0.33164556962025316,0.9097222222222222,0.1412844955921173
0.3299492385786802,0.9027777777777778,0.1413079798221588
0.33078880407124683,0.9027777777777778,0.14167915284633636
0.33163265306122447,0.9027777777777778,0.141801118850708
0.33248081841432225,0.9027777777777778,0.14198653399944305
0.3333333333333333,0.9027777777777778,0.14216995239257812
0.3341902313624679,0.9027777777777778,0.14224906265735626
0.33505154639175255,0.9027777777777778,0.14278651773929596
0.3359173126614987,0.9027777777777778,0.14283128082752228
0.33678756476683935,0.9027777777777778,0.14285293221473694
0.33766233766233766,0.9027777777777778,0.14321275055408478
0.3385416666666667,0.9027777777777778,0.14332075417041779
0.3394255874673629,0.9027777777777778,0.14350983500480652
0.3403141361256545,0.9027777777777778,0.14383061230182648
0.34120734908136485,0.9027777777777778,0.14416620135307312
0.34210526315789475,0.9027777777777778,0.14418810606002808
0.34300791556728233,0.9027777777777778,0.14492547512054443
0.3439153439153439,0.9027777777777778,0.14535057544708252
0.3448275862068966,0.9027777777777778,0.14537890255451202
0.34574468085106386,0.9027777777777778,0.14574497938156128
0.3466666666666667,0.9027777777777778,0.14574649930000305
0.34759358288770054,0.9027777777777778,0.14586344361305237
0.3485254691689008,0.9027777777777778,0.14612941443920135
0.34946236559139787,0.9027777777777778,0.14620643854141235
0.3504043126684636,0.9027777777777778,0.14644701778888702
0.35135135135135137,0.9027777777777778,0.14662590622901917
0.3523035230352303,0.9027777777777778,0.14665624499320984
0.35054347826086957,0.8958333333333334,0.14696219563484192
0.35149863760217986,0.8958333333333334,0.14749571681022644
0.3524590163934426,0.8958333333333334,0.14773641526699066
0.35342465753424657,0.8958333333333334,0.1478652060031891
0.3543956043956044,0.8958333333333334,0.14843063056468964
0.35537190082644626,0.8958333333333334,0.14849334955215454
0.356353591160221,0.8958333333333334,0.14915256202220917
0.3573407202216066,0.8958333333333334,0.1492704153060913
0.35833333333333334,0.8958333333333334,0.1493149697780609
0.3593314763231198,0.8958333333333334,0.14973171055316925
0.36033519553072624,0.8958333333333334,0.14997521042823792
0.36134453781512604,0.8958333333333334,0.1500871628522873
0.36235955056179775,0.8958333333333334,0.15077777206897736
0.36338028169014086,0.8958333333333334,0.151053786277771
0.3644067796610169,0.8958333333333334,0.151353120803833
0.3654390934844193,0.8958333333333334,0.15145613253116608
0.36363636363636365,0.8888888888888888,0.1518898755311966
0.3646723646723647,0.8888888888888888,0.1520412564277649
0.3657142857142857,0.8888888888888888,0.15277491509914398
0.3667621776504298,0.8888888888888888,0.15315505862236023
0.367816091954023,0.8888888888888888,0.15324799716472626
0.3688760806916426,0.8888888888888888,0.15349876880645752
0.3699421965317919,0.8888888888888888,0.15371690690517426
0.3710144927536232,0.8888888888888888,0.15397286415100098
0.37209302325581395,0.8888888888888888,0.15399597585201263
0.37317784256559766,0.8888888888888888,0.15404723584651947
0.3742690058479532,0.8888888888888888,0.15406109392642975
0.375366568914956,0.8888888888888888,0.15438787639141083
0.3764705882352941,0.8888888888888888,0.1545790135860443
0.3775811209439528,0.8888888888888888,0.15520235896110535
0.378698224852071,0.8888888888888888,0.15586285293102264
0.3798219584569733,0.8888888888888888,0.15592677891254425
0.37797619047619047,0.8819444444444444,0.15630832314491272
0.3761194029850746,0.875,0.15702535212039948
0.3772455089820359,0.875,0.15707765519618988
0.3783783783783784,0.875,0.1574987769126892
0.3795180722891566,0.875,0.157821923494339
0.3806646525679758,0.875,0.15847563743591309
0.38181818181818183,0.875,0.15913783013820648
0.3829787234042553,0.875,0.1592484563589096
0.38414634146341464,0.875,0.1594468653202057
0.3853211009174312,0.875,0.1596500724554062
0.38650306748466257,0.875,0.1608673334121704
0.38769230769230767,0.875,0.16134050488471985
0.3888888888888889,0.875,0.16173861920833588
0.38699690402476783,0.8680555555555556,0.1626158356666565
0.38819875776397517,0.8680555555555556,0.16293789446353912
0.3894080996884735,0.8680555555555556,0.16326181590557098
0.390625,0.8680555555555556,0.16338083148002625
0.39184952978056425,0.8680555555555556,0.16352836787700653
0.39308176100628933,0.8680555555555556,0.16389575600624084
0.3943217665615142,0.8680555555555556,0.16401506960391998
0.39556962025316456,0.8680555555555556,0.1641971915960312
0.3968253968253968,0.8680555555555556,0.16423600912094116
0.3980891719745223,0.8680555555555556,0.16437485814094543
0.3993610223642173,0.8680555555555556,0.1644955426454544
0.40064102564102566,0.8680555555555556,0.16470623016357422
0.40192926045016075,0.8680555555555556,0.16616186499595642
0.4032258064516129,0.8680555555555556,0.1665368378162384
0.4045307443365696,0.8680555555555556,0.16759172081947327
0.40584415584415584,0.8680555555555556,0.16769498586654663
0.40716612377850164,0.8680555555555556,0.16809044778347015
0.4084967320261438,0.8680555555555556,0.16815583407878876
0.4098360655737705,0.8680555555555556,0.16846305131912231
0.41118421052631576,0.8680555555555556,0.16860754787921906
0.41254125412541254,0.8680555555555556,0.16865356266498566
0.4139072847682119,0.8680555555555556,0.1703740954399109
0.4152823920265781,0.8680555555555556,0.17047904431819916
0.4166666666666667,0.8680555555555556,0.17052017152309418
0.4180602006688963,0.8680555555555556,0.17133857309818268
0.41946308724832215,0.8680555555555556,0.17170073091983795
0.4208754208754209,0.8680555555555556,0.1732102930545807
0.4222972972972973,0.8680555555555556,0.17449542880058289
0.423728813559322,0.8680555555555556,0.17465077340602875
0.42517006802721086,0.8680555555555556,0.1748722791671753
0.42662116040955633,0.8680555555555556,0.17493516206741333
0.4280821917808219,0.8680555555555556,0.1750175505876541
0.42955326460481097,0.8680555555555556,0.17578569054603577
0.43103448275862066,0.8680555555555556,0.17591921985149384
0.43252595155709345,0.8680555555555556,0.17605270445346832
0.4340277777777778,0.8680555555555556,0.17612771689891815
0.4355400696864111,0.8680555555555556,0.17755663394927979
0.4370629370629371,0.8680555555555556,0.17783337831497192
0.43508771929824563,0.8611111111111112,0.17787596583366394
0.43661971830985913,0.8611111111111112,0.1778809279203415
0.4381625441696113,0.8611111111111112,0.17830373346805573
0.4397163120567376,0.8611111111111112,0.17835183441638947
0.4412811387900356,0.8611111111111112,0.17836140096187592
0.44285714285714284,0.8611111111111112,0.17865294218063354
0.4444444444444444,0.8611111111111112,0.1788446605205536
0.4460431654676259,0.8611111111111112,0.1800294816493988
0.44765342960288806,0.8611111111111112,0.18019670248031616
0.4492753623188406,0.8611111111111112,0.18026693165302277
0.4509090909090909,0.8611111111111112,0.18285483121871948
0.45255474452554745,0.8611111111111112,0.18429943919181824
0.4542124542124542,0.8611111111111112,0.18475092947483063
0.45588235294117646,0.8611111111111112,0.185189887881279
0.4575645756457565,0.8611111111111112,0.1867191046476364
0.45925925925925926,0.8611111111111112,0.18706436455249786
0.46096654275092935,0.8611111111111112,0.18721608817577362
0.458955223880597,0.8541666666666666,0.18740200996398926
0.4606741573033708,0.8541666666666666,0.18872331082820892
0.462406015037594,0.8541666666666666,0.18875369429588318
0.46037735849056605,0.8472222222222222,0.18875856697559357
0.4621212121212121,0.8472222222222222,0.18944446742534637
0.46387832699619774,0.8472222222222222,0.18946632742881775
0.46564885496183206,0.8472222222222222,0.19015567004680634
0.46360153256704983,0.8402777777777778,0.19050712883472443
0.4653846153846154,0.8402777777777778,0.19083136320114136
0.46332046332046334,0.8333333333333334,0.19102656841278076
0.46511627906976744,0.8333333333333334,0.19132578372955322
0.4669260700389105,0.8333333333333334,0.19212913513183594
0.46875,0.8333333333333334,0.19293732941150665
0.47058823529411764,0.8333333333333334,0.1935565024614334
0.47244094488188976,0.8333333333333334,0.19483524560928345
0.4743083003952569,0.8333333333333334,0.1954740732908249
0.47619047619047616,0.8333333333333334,0.19581922888755798
0.47808764940239046,0.8333333333333334,0.19654054939746857
0.48,0.8333333333333334,0.19689583778381348
0.4779116465863454,0.8263888888888888,0.19811713695526123
0.4798387096774194,0.8263888888888888,0.19826465845108032
0.4817813765182186,0.8263888888888888,0.19946512579917908
0.483739837398374,0.8263888888888888,0.1998070925474167
0.4857142857142857,0.8263888888888888,0.20014598965644836
0.48770491803278687,0.8263888888888888,0.20133988559246063
0.4897119341563786,0.8263888888888888,0.20185141265392303
0.49173553719008267,0.8263888888888888,0.20191143453121185
0.49377593360995853,0.8263888888888888,0.20390841364860535
0.49583333333333335,0.8263888888888888,0.20398619771003723
0.497907949790795,0.8263888888888888,0.20486755669116974
0.5,0.8263888888888888,0.20561271905899048
0.5021097046413502,0.8263888888888888,0.20609460771083832
0.5042372881355932,0.8263888888888888,0.2069251835346222
0.5063829787234042,0.8263888888888888,0.20866581797599792
0.5085470085470085,0.8263888888888888,0.2092905044555664
0.5107296137339056,0.8263888888888888,0.20983177423477173
0.5129310344827587,0.8263888888888888,0.20994475483894348
0.5151515151515151,0.8263888888888888,0.21055255830287933
0.5173913043478261,0.8263888888888888,0.21207578480243683
0.5152838427947598,0.8194444444444444,0.2124311923980713
0.5175438596491229,0.8194444444444444,0.21249820291996002
0.5198237885462555,0.8194444444444444,0.21364028751850128
0.5221238938053098,0.8194444444444444,0.21422836184501648
0.5244444444444445,0.8194444444444444,0.21551473438739777
0.5223214285714286,0.8125,0.2155476212501526
0.5246636771300448,0.8125,0.21557722985744476
0.527027027027027,0.8125,0.2159019410610199
0.5294117647058824,0.8125,0.21670138835906982
0.5318181818181819,0.8125,0.21722613275051117
0.5342465753424658,0.8125,0.21810664236545563
0.536697247706422,0.8125,0.21827362477779388
0.5345622119815668,0.8055555555555556,0.21870902180671692
0.5370370370370371,0.8055555555555556,0.22285811603069305
0.5395348837209303,0.8055555555555556,0.22511321306228638
0.5420560747663551,0.8055555555555556,0.2255803793668747
0.5446009389671361,0.8055555555555556,0.2259194552898407
0.5471698113207547,0.8055555555555556,0.22860094904899597
0.5497630331753555,0.8055555555555556,0.22943532466888428
0.5523809523809524,0.8055555555555556,0.23086071014404297
0.5502392344497608,0.7986111111111112,0.23115894198417664
0.5528846153846154,0.7986111111111112,0.23122763633728027
0.5555555555555556,0.7986111111111112,0.2319556623697281
0.558252427184466,0.7986111111111112,0.23262841999530792
0.5609756097560976,0.7986111111111112,0.23295284807682037
0.5637254901960784,0.7986111111111112,0.23321306705474854
0.5665024630541872,0.7986111111111112,0.23381206393241882
0.5693069306930693,0.7986111111111112,0.2342226803302765
0.572139303482587,0.7986111111111112,0.23597458004951477
0.575,0.7986111111111112,0.23665815591812134
0.5778894472361809,0.7986111111111112,0.23768888413906097
0.5808080808080808,0.7986111111111112,0.2389921098947525
0.583756345177665,0.7986111111111112,0.2408270537853241
0.5867346938775511,0.7986111111111112,0.2452774941921234
0.5897435897435898,0.7986111111111112,0.24566422402858734
0.5927835051546392,0.7986111111111112,0.2456979900598526
0.5958549222797928,0.7986111111111112,0.24577689170837402
0.5989583333333334,0.7986111111111112,0.24667249619960785
0.5968586387434555,0.7916666666666666,0.2477167844772339
0.6,0.7916666666666666,0.24813616275787354
0.6031746031746031,0.7916666666666666,0.24936969578266144
0.6063829787234043,0.7916666666666666,0.252067893743515
0.6096256684491979,0.7916666666666666,0.25311076641082764
0.6129032258064516,0.7916666666666666,0.25605955719947815
0.6162162162162163,0.7916666666666666,0.258819580078125
0.6141304347826086,0.7847222222222222,0.2601301372051239
0.6174863387978142,0.7847222222222222,0.2613675594329834
0.6208791208791209,0.7847222222222222,0.2632845342159271
0.6243093922651933,0.7847222222222222,0.26768767833709717
0.6277777777777778,0.7847222222222222,0.26937544345855713
0.6312849162011173,0.7847222222222222,0.27069875597953796
0.6348314606741573,0.7847222222222222,0.271086186170578
0.6384180790960452,0.7847222222222222,0.27160707116127014
0.6363636363636364,0.7777777777777778,0.27229419350624084
0.6342857142857142,0.7708333333333334,0.2732330560684204
0.6379310344827587,0.7708333333333334,0.2750541865825653
0.6416184971098265,0.7708333333333334,0.28021901845932007
0.6395348837209303,0.7638888888888888,0.28063076734542847
0.6432748538011696,0.7638888888888888,0.2820277214050293
0.6470588235294118,0.7638888888888888,0.28262829780578613
0.650887573964497,0.7638888888888888,0.2870709300041199
0.6488095238095238,0.7569444444444444,0.28930723667144775
0.6526946107784432,0.7569444444444444,0.2911674976348877
0.6566265060240963,0.7569444444444444,0.2918221056461334
0.6545454545454545,0.75,0.29361480474472046
0.6524390243902439,0.7430555555555556,0.2957422137260437
0.656441717791411,0.7430555555555556,0.3024539351463318
0.6604938271604939,0.7430555555555556,0.30528855323791504
0.6645962732919255,0.7430555555555556,0.3062044382095337
0.66875,0.7430555555555556,0.31044667959213257
0.6729559748427673,0.7430555555555556,0.314033567905426
0.6708860759493671,0.7361111111111112,0.31465524435043335
0.6687898089171974,0.7291666666666666,0.31632277369499207
0.6666666666666666,0.7222222222222222,0.3176945745944977
0.6709677419354839,0.7222222222222222,0.3177383840084076
0.6753246753246753,0.7222222222222222,0.32124513387680054
0.6797385620915033,0.7222222222222222,0.32929807901382446
0.6842105263157895,0.7222222222222222,0.3301292061805725
0.6887417218543046,0.7222222222222222,0.3318847715854645
0.6933333333333334,0.7222222222222222,0.3333631157875061
0.697986577181208,0.7222222222222222,0.33370763063430786
0.7027027027027027,0.7222222222222222,0.33386924862861633
0.7074829931972789,0.7222222222222222,0.33639922738075256
0.7123287671232876,0.7222222222222222,0.3376980721950531
0.7103448275862069,0.7152777777777778,0.3394060432910919
0.7152777777777778,0.7152777777777778,0.3462585508823395
0.7202797202797203,0.7152777777777778,0.34686172008514404
0.7183098591549296,0.7083333333333334,0.35277673602104187
0.7163120567375887,0.7013888888888888,0.3535674810409546
0.7214285714285714,0.7013888888888888,0.3562470078468323
0.7194244604316546,0.6944444444444444,0.36520692706108093
0.7246376811594203,0.6944444444444444,0.3687197268009186
0.7226277372262774,0.6875,0.3691127896308899
0.7279411764705882,0.6875,0.3731333911418915
0.7333333333333333,0.6875,0.37343883514404297
0.7388059701492538,0.6875,0.37354332208633423
0.7443609022556391,0.6875,0.37381160259246826
0.75,0.6875,0.37479159235954285
0.7480916030534351,0.6805555555555556,0.3761986494064331
0.7461538461538462,0.6736111111111112,0.3800147771835327
0.751937984496124,0.6736111111111112,0.3809773325920105
0.7578125,0.6736111111111112,0.38210529088974
0.7559055118110236,0.6666666666666666,0.3927959203720093
0.753968253968254,0.6597222222222222,0.39399129152297974
0.752,0.6527777777777778,0.3944165110588074
0.7580645161290323,0.6527777777777778,0.3972868025302887
0.7560975609756098,0.6458333333333334,0.3985576629638672
0.7540983606557377,0.6388888888888888,0.40214115381240845
0.7603305785123967,0.6388888888888888,0.40517985820770264
0.7583333333333333,0.6319444444444444,0.408965528011322
0.7563025210084033,0.625,0.4106549322605133
0.7542372881355932,0.6180555555555556,0.4128498136997223
0.7606837606837606,0.6180555555555556,0.41495248675346375
0.7672413793103449,0.6180555555555556,0.4277941584587097
0.7739130434782608,0.6180555555555556,0.42926791310310364
0.7807017543859649,0.6180555555555556,0.43011727929115295
0.7876106194690266,0.6180555555555556,0.4301556646823883
0.7857142857142857,0.6111111111111112,0.4310941994190216
0.7927927927927928,0.6111111111111112,0.43131139874458313
0.8,0.6111111111111112,0.43335333466529846
0.7981651376146789,0.6041666666666666,0.43679940700531006
0.7962962962962963,0.5972222222222222,0.43837058544158936
0.794392523364486,0.5902777777777778,0.44255751371383667
0.7924528301886793,0.5833333333333334,0.4476931095123291
0.8,0.5833333333333334,0.4495870769023895
0.8076923076923077,0.5833333333333334,0.4536118507385254
0.8058252427184466,0.5763888888888888,0.45453622937202454
0.8137254901960784,0.5763888888888888,0.4584099054336548
0.8118811881188119,0.5694444444444444,0.4629896581172943
0.82,0.5694444444444444,0.46859899163246155
0.8181818181818182,0.5625,0.4765826463699341
0.8163265306122449,0.5555555555555556,0.4784735441207886
0.8144329896907216,0.5486111111111112,0.4851636588573456
0.8229166666666666,0.5486111111111112,0.4854915142059326
0.8210526315789474,0.5416666666666666,0.485817015171051
0.8191489361702128,0.5347222222222222,0.48908814787864685
0.8172043010752689,0.5277777777777778,0.48927950859069824
0.8152173913043478,0.5208333333333334,0.4918898046016693
0.8241758241758241,0.5208333333333334,0.49385300278663635
0.8222222222222222,0.5138888888888888,0.4959026575088501
0.8202247191011236,0.5069444444444444,0.5037139058113098
0.8295454545454546,0.5069444444444444,0.5096654891967773
0.8275862068965517,0.5,0.5143793821334839
0.8255813953488372,0.4930555555555556,0.5179992914199829
0.8235294117647058,0.4861111111111111,0.5209212899208069
0.8214285714285714,0.4791666666666667,0.5216767191886902
0.8313253012048193,0.4791666666666667,0.5247676372528076
0.8292682926829268,0.4722222222222222,0.5268229246139526
0.8271604938271605,0.4652777777777778,0.529723048210144
0.825,0.4583333333333333,0.5354328751564026
0.8227848101265823,0.4513888888888889,0.5373920202255249
0.8333333333333334,0.4513888888888889,0.5376086831092834
0.8311688311688312,0.4444444444444444,0.5537283420562744
0.8289473684210527,0.4375,0.557357132434845
0.84,0.4375,0.5575215816497803
0.8378378378378378,0.4305555555555556,0.5584869980812073
0.8356164383561644,0.4236111111111111,0.5620958209037781
0.8472222222222222,0.4236111111111111,0.5628214478492737
0.8591549295774648,0.4236111111111111,0.564666211605072
0.8714285714285714,0.4236111111111111,0.5678108930587769
0.8695652173913043,0.4166666666666667,0.569749653339386
0.8823529411764706,0.4166666666666667,0.5723296999931335
0.8805970149253731,0.4097222222222222,0.5802937746047974
0.8787878787878788,0.4027777777777778,0.5833072662353516
0.8769230769230769,0.3958333333333333,0.5872894525527954
0.875,0.3888888888888889,0.5921450257301331
0.873015873015873,0.3819444444444444,0.5984829664230347
0.8870967741935484,0.3819444444444444,0.6057268977165222
0.8852459016393442,0.375,0.6232783794403076
0.8833333333333333,0.3680555555555556,0.6234840750694275
0.8813559322033898,0.3611111111111111,0.6392232179641724
0.8793103448275862,0.3541666666666667,0.6409260630607605
0.8771929824561403,0.3472222222222222,0.6414733529090881
0.8928571428571429,0.3472222222222222,0.6611062288284302
0.8909090909090909,0.3402777777777778,0.6633066534996033
0.8888888888888888,0.3333333333333333,0.6659292578697205
0.9056603773584906,0.3333333333333333,0.6680734753608704
0.9038461538461539,0.3263888888888889,0.6756706237792969
0.9019607843137255,0.3194444444444444,0.6903868913650513
0.92,0.3194444444444444,0.6910833120346069
0.9183673469387755,0.3125,0.7126639485359192
0.9166666666666666,0.3055555555555556,0.7179186344146729
0.9148936170212766,0.2986111111111111,0.7199180722236633
0.9130434782608695,0.2916666666666667,0.7273169755935669
0.9111111111111111,0.2847222222222222,0.7290455102920532
0.9318181818181818,0.2847222222222222,0.7299429178237915
0.9302325581395349,0.2777777777777778,0.7376143932342529
0.9285714285714286,0.2708333333333333,0.7397724390029907
0.926829268292683,0.2638888888888889,0.7459497451782227
0.95,0.2638888888888889,0.7459819912910461
0.9487179487179487,0.2569444444444444,0.7484003901481628
0.9473684210526315,0.25,0.7612519860267639
0.9459459459459459,0.24305555555555555,0.7649864554405212
0.9444444444444444,0.2361111111111111,0.7681064009666443
0.9428571428571428,0.22916666666666666,0.7921677231788635
0.9705882352941176,0.22916666666666666,0.7957996129989624
0.9696969696969697,0.2222222222222222,0.802777886390686
0.96875,0.2152777777777778,0.8096188306808472
0.967741935483871,0.20833333333333334,0.8120863437652588
0.9666666666666667,0.2013888888888889,0.8128204941749573
0.9655172413793104,0.19444444444444445,0.8183568716049194
0.9642857142857143,0.1875,0.818368673324585
0.9629629629629629,0.18055555555555555,0.8194773197174072
0.9615384615384616,0.1736111111111111,0.8219172954559326
0.96,0.16666666666666666,0.8359701037406921
0.9583333333333334,0.1597222222222222,0.8420730829238892
0.9565217391304348,0.1527777777777778,0.8474076986312866
0.9545454545454546,0.14583333333333334,0.8500579595565796
0.9523809523809523,0.1388888888888889,0.86141437292099
0.95,0.13194444444444445,0.8627884984016418
0.9473684210526315,0.125,0.8693664073944092
0.9444444444444444,0.11805555555555555,0.8748466372489929
0.9411764705882353,0.1111111111111111,0.8772441744804382
0.9375,0.10416666666666667,0.8798474073410034
0.9333333333333333,0.09722222222222222,0.8803443908691406
0.9285714285714286,0.09027777777777778,0.8832302093505859
1.0,0.09027777777777778,0.8868067860603333
1.0,0.08333333333333333,0.8871685266494751
1.0,0.0763888888888889,0.8875471949577332
1.0,0.06944444444444445,0.892697811126709
1.0,0.0625,0.897295355796814
1.0,0.05555555555555555,0.900658130645752
1.0,0.04861111111111111,0.9102139472961426
1.0,0.041666666666666664,0.9139508008956909
1.0,0.034722222222222224,0.9279335141181946
1.0,0.027777777777777776,0.9537221193313599
1.0,0.020833333333333332,0.9583059549331665
1.0,0.013888888888888888,0.9676522016525269
1.0,0.006944444444444444,0.9679283499717712
1.0,0.0,
